1,0.99948386,5.1e-05
1,0.99948272,5.1e-05
1,0.99948123,5.1e-05
1,0.99947996,5.2e-05
1,0.99947894,5.2e-05
1,0.99947758,5.2e-05
1,0.99947589,5.2e-05
1,0.99947449,5.3e-05
1,0.99947337,5.3e-05
1,0.99947194,5.3e-05
1,0.99947018,5.3e-05
1,0.99946873,5.4e-05
1,0.99946756,5.4e-05
1,0.99946608,5.4e-05
1,0.99946428,5.4e-05
1,0.99946278,5.5e-05
1,0.99946158,5.5e-05
1,0.99946005,5.5e-05
1,0.9994582,5.5e-05
1,0.99945664,5.6e-05
1,0.99945533,5.6e-05
1,0.99945357,5.6e-05
1,0.99945207,5.7e-05
1,0.99945085,5.7e-05
1,0.9994493,5.7e-05
1,0.99944742,5.7e-05
1,0.99944582,5.8e-05
1,0.99944446,5.8e-05
1,0.99944265,5.8e-05
1,0.99944108,5.9e-05
1,0.99943974,5.9e-05
1,0.99943794,5.9e-05
1,0.99943637,6e-05
1,0.99943503,6e-05
1,0.99943322,6e-05
1,0.99943165,6.1e-05
1,0.9994303,6.1e-05
1,0.99942849,6.1e-05
1,0.99942691,6.2e-05
1,0.99942556,6.2e-05
1,0.99942374,6.2e-05
1,0.99942215,6.3e-05
1,0.99942078,6.3e-05
1,0.99941894,6.3e-05
1,0.99941733,6.4e-05
1,0.99941594,6.4e-05
1,0.99941406,6.4e-05
1,0.99941237,6.5e-05
1,0.99941077,6.5e-05
1,0.99940926,6.6e-05
1,0.99940792,6.6e-05
1,0.99940611,6.6e-05
1,0.9994045,6.7e-05
1,0.99940311,6.7e-05
1,0.99940123,6.7e-05
1,0.99939953,6.8e-05
1,0.99939792,6.8e-05
1,0.99939639,6.9e-05
1,0.99939503,6.9e-05
1,0.99939317,6.9e-05
1,0.99939148,7e-05
1,0.99938987,7e-05
1,0.99938834,7.1e-05
1,0.99938699,7.1e-05
1,0.99938513,7.1e-05
1,0.99938343,7.2e-05
1,0.99938182,7.2e-05
1,0.9993803,7.3e-05
1,0.99937894,7.3e-05
1,0.99937707,7.3e-05
1,0.99937537,7.4e-05
1,0.99937375,7.4e-05
1,0.99937222,7.5e-05
1,0.99937084,7.5e-05
1,0.99936896,7.5e-05
1,0.99936724,7.6e-05
1,0.99936559,7.6e-05
1,0.99936397,7.7e-05
1,0.9993624,7.7e-05
1,0.99936089,7.8e-05
1,0.99935954,7.8e-05
1,0.99935768,7.8e-05
1,0.99935598,7.9e-05
1,0.99935436,7.9e-05
1,0.99935282,8e-05
1,0.99935144,8e-05
1,0.99934956,8e-05
1,0.99934783,8.1e-05
1,0.99934617,8.1e-05
1,0.99934454,8.2e-05
1,0.99934295,8.2e-05
1,0.99934143,8.3e-05
1,0.99934006,8.3e-05
1,0.99933818,8.3e-05
1,0.99933646,8.4e-05
1,0.9993348,8.4e-05
1,0.99933318,8.5e-05
1,0.9993316,8.5e-05
1,0.99933008,8.6e-05
1,0.99932872,8.6e-05
1,0.99932685,8.6e-05
1,0.99932514,8.7e-05
1,0.99932351,8.7e-05
1,0.99932195,8.8e-05
1,0.99932056,8.8e-05
1,0.99931866,8.8e-05
1,0.99931692,8.9e-05
1,0.99931525,8.9e-05
1,0.99931361,9e-05
1,0.99931201,9e-05
1,0.99931048,9.1e-05
1,0.99930911,9.1e-05
1,0.99930708,9.1e-05
1,0.99930519,9.2e-05
1,0.99930334,9.2e-05
1,0.99930152,9.3e-05
1,0.99929972,9.3e-05
1,0.99929792,9.4e-05
1,0.99929613,9.4e-05
1,0.99929436,9.5e-05
1,0.99929262,9.5e-05
1,0.99929092,9.6e-05
1,0.99928938,9.6e-05
1,0.99928731,9.6e-05
1,0.9992854,9.7e-05
1,0.99928354,9.7e-05
1,0.9992817,9.8e-05
1,0.99927988,9.8e-05
1,0.99927809,9.9e-05
1,0.99927631,9.9e-05
1,0.9992746,0.0001
1,0.99927303,0.0001
1,0.99927095,0.0001
1,0.99926902,0.000101
1,0.99926715,0.000101
1,0.99926531,0.000102
1,0.9992635,0.000102
1,0.99926176,0.000103
1,0.99926016,0.000103
1,0.99925805,0.000103
1,0.9992561,0.000104
1,0.9992542,0.000104
1,0.99925234,0.000105
1,0.9992505,0.000105
1,0.99924873,0.000106
1,0.99924711,0.000106
1,0.99924498,0.000106
1,0.999243,0.000107
1,0.99924107,0.000107
1,0.99923918,0.000108
1,0.99923733,0.000108
1,0.99923553,0.000109
1,0.99923388,0.000109
1,0.99923172,0.000109
1,0.99922971,0.00011
1,0.99922776,0.00011
1,0.99922585,0.000111
1,0.99922396,0.000111
1,0.99922213,0.000112
1,0.99922046,0.000112
1,0.99921826,0.000112
1,0.99921622,0.000113
1,0.99921423,0.000113
1,0.99921227,0.000114
1,0.99921033,0.000114
1,0.9992084,0.000115
1,0.9992065,0.000115
1,0.99920466,0.000116
1,0.99920296,0.000116
1,0.99920075,0.000116
1,0.99919868,0.000117
1,0.99919667,0.000117
1,0.9991947,0.000118
1,0.99919275,0.000118
1,0.99919086,0.000119
1,0.99918912,0.000119
1,0.99918685,0.000119
1,0.99918474,0.00012
1,0.99918267,0.00012
1,0.99918063,0.000121
1,0.9991786,0.000121
1,0.99917657,0.000122
1,0.99917455,0.000122
1,0.99917254,0.000123
1,0.99917054,0.000123
1,0.99916854,0.000124
1,0.99916656,0.000124
1,0.99916464,0.000125
1,0.99916285,0.000125
1,0.99916054,0.000125
1,0.99915838,0.000126
1,0.99915625,0.000126
1,0.99915415,0.000127
1,0.99915205,0.000127
1,0.99914996,0.000128
1,0.99914786,0.000128
1,0.99914577,0.000129
1,0.99914367,0.000129
1,0.99914156,0.00013
1,0.99913945,0.00013
1,0.99913733,0.000131
1,0.99913519,0.000131
1,0.99913304,0.000132
1,0.99913082,0.000132
1,0.99912846,0.000133
1,0.99912661,0.000134
1,0.99912462,0.000134
1,0.99912256,0.000135
1,0.99912048,0.000135
1,0.99911839,0.000136
1,0.99911627,0.000136
1,0.99911414,0.000137
1,0.99911198,0.000137
1,0.9991098,0.000138
1,0.99910756,0.000138
1,0.99910516,0.000139
1,0.99910328,0.00014
1,0.99910123,0.00014
1,0.99909912,0.000141
1,0.99909697,0.000141
1,0.99909478,0.000142
1,0.99909253,0.000142
1,0.9990901,0.000143
1,0.99908818,0.000144
1,0.99908609,0.000144
1,0.99908392,0.000145
1,0.99908165,0.000145
1,0.99907921,0.000146
1,0.99907725,0.000147
1,0.99907507,0.000147
1,0.99907268,0.000148
1,0.99907075,0.000149
1,0.9990686,0.000149
1,0.99906623,0.00015
1,0.99906434,0.000151
1,0.99906226,0.000151
1,0.99906009,0.000152
1,0.99905782,0.000152
1,0.99905536,0.000153
1,0.99905338,0.000154
1,0.99905117,0.000154
1,0.99904874,0.000155
1,0.99904675,0.000156
1,0.99904452,0.000156
1,0.99904202,0.000157
1,0.99903984,0.000158
1,0.99903799,0.000159
1,0.99903585,0.000159
1,0.99903347,0.00016
1,0.99903154,0.000161
1,0.99902937,0.000161
1,0.99902695,0.000162
1,0.99902498,0.000163
1,0.99902276,0.000163
1,0.99902026,0.000164
1,0.99901808,0.000165
1,0.99901622,0.000166
1,0.99901408,0.000166
1,0.99901168,0.000167
1,0.99900971,0.000168
1,0.99900749,0.000168
1,0.99900498,0.000169
1,0.99900279,0.00017
1,0.99900091,0.000171
1,0.99899872,0.000171
1,0.99899624,0.000172
1,0.99899406,0.000173
1,0.99899219,0.000174
1,0.99899002,0.000174
1,0.99898754,0.000175
1,0.99898537,0.000176
1,0.9989835,0.000177
1,0.99898133,0.000177
1,0.99897886,0.000178
1,0.99897669,0.000179
1,0.99897482,0.00018
1,0.99897265,0.00018
1,0.99897017,0.000181
1,0.998968,0.000182
1,0.99896614,0.000183
1,0.99896396,0.000183
1,0.99896149,0.000184
1,0.99895931,0.000185
1,0.99895744,0.000186
1,0.99895527,0.000186
1,0.99895278,0.000187
1,0.9989506,0.000188
1,0.99894873,0.000189
1,0.99894654,0.000189
1,0.99894405,0.00019
1,0.99894185,0.000191
1,0.99893996,0.000192
1,0.99893775,0.000192
1,0.99893523,0.000193
1,0.99893296,0.000194
2,0.99893086,0.000195
2,0.99892903,0.000196
2,0.99892687,0.000196
2,0.9989244,0.000197
2,0.99892222,0.000198
2,0.99892035,0.000199
2,0.99891817,0.000199
2,0.99891567,0.0002
2,0.99891348,0.000201
2,0.99891159,0.000202
2,0.99890939,0.000202
2,0.99890687,0.000203
2,0.99890466,0.000204
2,0.99890275,0.000205
2,0.99890051,0.000205
2,0.99889796,0.000206
2,0.99889566,0.000207
2,0.99889353,0.000208
2,0.99889166,0.000209
2,0.99888947,0.000209
2,0.99888695,0.00021
2,0.99888473,0.000211
2,0.99888281,0.000212
2,0.99888057,0.000212
2,0.99887801,0.000213
2,0.99887573,0.000214
2,0.99887373,0.000215
2,0.99887168,0.000215
2,0.99887067,0.000216
2,0.99886983,0.000216
2,0.99886851,0.000216
2,0.99886738,0.000217
2,0.99886633,0.000217
2,0.99886537,0.000218
2,0.99886458,0.000218
2,0.9988633,0.000218
2,0.99886219,0.000219
2,0.99886117,0.000219
2,0.99886024,0.00022
2,0.99885948,0.00022
2,0.99885824,0.00022
2,0.99885722,0.000221
2,0.9988564,0.000221
2,0.9988551,0.000221
2,0.99885398,0.000222
2,0.99885295,0.000222
2,0.99885201,0.000223
2,0.99885125,0.000223
2,0.99885,0.000223
2,0.99884897,0.000224
2,0.99884814,0.000224
2,0.99884683,0.000224
2,0.9988457,0.000225
2,0.99884466,0.000225
2,0.9988437,0.000226
2,0.99884292,0.000226
2,0.99884163,0.000226
2,0.99884052,0.000227
2,0.9988395,0.000227
2,0.99883856,0.000228
2,0.9988378,0.000228
2,0.99883655,0.000228
2,0.99883551,0.000229
2,0.99883468,0.000229
2,0.99883337,0.000229
2,0.99883223,0.00023
2,0.99883118,0.00023
2,0.99883021,0.000231
2,0.99882941,0.000231
2,0.99882812,0.000231
2,0.99882699,0.000232
2,0.99882594,0.000232
2,0.99882498,0.000233
2,0.99882418,0.000233
2,0.99882289,0.000233
2,0.99882176,0.000234
2,0.99882071,0.000234
2,0.99881974,0.000235
2,0.99881894,0.000235
2,0.99881763,0.000235
2,0.99881648,0.000236
2,0.9988154,0.000236
2,0.99881436,0.000237
2,0.99881336,0.000237
2,0.99881243,0.000238
2,0.99881166,0.000238
2,0.99881037,0.000238
2,0.99880926,0.000239
2,0.99880822,0.000239
2,0.99880726,0.00024
2,0.99880646,0.00024
2,0.99880516,0.00024
2,0.99880402,0.000241
2,0.99880294,0.000241
2,0.9988019,0.000242
2,0.99880089,0.000242
2,0.99879995,0.000243
2,0.99879917,0.000243
2,0.99879788,0.000243
2,0.99879674,0.000244
2,0.99879567,0.000244
2,0.99879463,0.000245
2,0.99879363,0.000245
2,0.99879269,0.000246
2,0.99879191,0.000246
2,0.99879062,0.000246
2,0.99878948,0.000247
2,0.99878839,0.000247
2,0.99878734,0.000248
2,0.99878631,0.000248
2,0.99878531,0.000249
2,0.99878433,0.000249
2,0.99878341,0.00025
2,0.99878264,0.00025
2,0.99878136,0.00025
2,0.99878023,0.000251
2,0.99877916,0.000251
2,0.99877812,0.000252
2,0.9987771,0.000252
2,0.9987761,0.000253
2,0.99877514,0.000253
2,0.99877422,0.000254
2,0.99877347,0.000254
2,0.99877219,0.000254
2,0.99877107,0.000255
2,0.99877001,0.000255
2,0.99876898,0.000256
2,0.99876797,0.000256
2,0.99876698,0.000257
2,0.99876602,0.000257
2,0.99876512,0.000258
2,0.99876438,0.000258
2,0.99876312,0.000258
2,0.99876201,0.000259
2,0.99876097,0.000259
2,0.99875996,0.00026
2,0.99875899,0.00026
2,0.99875808,0.000261
2,0.99875733,0.000261
2,0.99875606,0.000261
2,0.99875495,0.000262
2,0.99875391,0.000262
2,0.9987529,0.000263
2,0.99875192,0.000263
2,0.99875102,0.000264
2,0.99875026,0.000264
2,0.998749,0.000264
2,0.9987479,0.000265
2,0.99874686,0.000265
2,0.99874586,0.000266
2,0.99874489,0.000266
2,0.998744,0.000267
2,0.99874328,0.000267
2,0.99874206,0.000267
2,0.99874105,0.000268
2,0.99874024,0.000268
2,0.99873895,0.000268
2,0.99873783,0.000269
2,0.9987368,0.000269
2,0.99873585,0.00027
2,0.99873508,0.00027
2,0.99873382,0.00027
2,0.99873278,0.000271
2,0.99873196,0.000271
2,0.99873066,0.000271
2,0.99872958,0.000272
2,0.99872872,0.000272
2,0.99872738,0.000272
2,0.99872626,0.000273
2,0.99872537,0.000273
2,0.998724,0.000273
2,0.99872286,0.000274
2,0.99872196,0.000274
2,0.99872071,0.000274
2,0.99871907,0.000274
2,0.99871763,0.000275
2,0.99871625,0.000275
2,0.99871465,0.0002755
2,0.99871032,0.000282
2,0.99870544,0.000279
2,0.99869804,0.000282
2,0.99868877,0.000281
2,0.99867944,0.000289
2,0.99867184,0.000293
2,0.99866182,0.000298
2,0.99865323,0.000311
2,0.99864926,0.000324
2,0.998649,0.000337
2,0.99865185,0.000348
2,0.99865682,0.000357
2,0.99866363,0.000364
2,0.99867085,0.000367
2,0.9986784,0.00037
2,0.99868694,0.00037
2,0.99869902,0.000371
2,0.99870934,0.000356
2,0.99871191,0.000342
2,0.99870703,0.000326
2,0.99870265,0.000326
2,0.99870892,0.000324
2,0.99871567,0.000302
2,0.99870261,0.000264
2,0.99867431,0.000252
2,0.99865339,0.000258
2,0.9986372,0.000253
2,0.9986203,0.000257
2,0.99860809,0.000263
2,0.99859964,0.000267
2,0.99859153,0.000267
2,0.99858193,0.000267
2,0.99857175,0.000268
2,0.99856106,0.000269
2,0.99855116,0.000273
2,0.9985421,0.000275
2,0.99853268,0.000278
2,0.99852564,0.000284
2,0.99851944,0.000284
2,0.99851048,0.000284
2,0.99850149,0.000288
2,0.99849324,0.00029
2,0.99848533,0.000294
2,0.99847754,0.000296
2,0.99847054,0.000301
2,0.99846472,0.000303
2,0.99845789,0.000304
2,0.99844957,0.000305
2,0.99844247,0.00031
2,0.99843499,0.000309
2,0.99842616,0.000313
2,0.99841813,0.000316
2,0.99841197,0.000322
2,0.99840685,0.000323
2,0.99839924,0.000323
2,0.99839146,0.000327
2,0.99838381,0.000328
2,0.99837493,0.000331
2,0.9983677,0.000337
2,0.9983619,0.00034
2,0.99835584,0.000343
2,0.9983493,0.000345
2,0.99834232,0.000348
2,0.99833632,0.000352
2,0.99833093,0.000354
2,0.99832465,0.000355
2,0.99831705,0.000356
2,0.99830924,0.000359
2,0.99830129,0.000361
2,0.99829314,0.000365
2,0.99828622,0.00037
2,0.99828217,0.000376
2,0.998276,0.000373
2,0.99827086,0.000382
2,0.9982653,0.000376
2,0.99825587,0.00038
2,0.99824834,0.000383
2,0.99824029,0.000385
2,0.9982325,0.00039
2,0.99822687,0.000395
2,0.99822078,0.000396
2,0.99821376,0.0004
2,0.99820794,0.000404
2,0.99820478,0.000409
2,0.99819737,0.000402
2,0.99818849,0.000411
2,0.99818317,0.000412
2,0.99817628,0.000414
2,0.99816957,0.000417
2,0.99816213,0.000418
2,0.99815516,0.000423
2,0.9981494,0.000425
2,0.99814223,0.000426
2,0.99813323,0.000428
2,0.99812844,0.000438
2,0.99812332,0.000433
2,0.9981159,0.000439
2,0.99810733,0.000436
2,0.99810047,0.000447
2,0.99809528,0.000444
2,0.99808697,0.000448
2,0.99808149,0.000453
2,0.99807466,0.000451
2,0.99806661,0.000456
2,0.99805997,0.000458
2,0.9980524,0.00046
2,0.99804436,0.000463
2,0.99803664,0.000467
2,0.99803121,0.000473
2,0.99802481,0.000472
2,0.99801864,0.000479
2,0.99801216,0.000477
2,0.99800641,0.000485
2,0.99800236,0.000483
2,0.9979937,0.000481
2,0.99798361,0.000484
2,0.99797478,0.000488
2,0.99796818,0.000494
2,0.99795369,0.000494
2,0.9979366,0.000503
2,0.99792318,0.000512
2,0.99791075,0.000517
2,0.99789675,0.000521
2,0.99788167,0.000526
2,0.99786682,0.000532
2,0.9978511,0.000536
2,0.9978365,0.000545
2,0.99782159,0.000547
2,0.99780483,0.000554
2,0.99778832,0.00056
2,0.99777355,0.00057
2,0.99776007,0.000575
2,0.99774418,0.000579
2,0.99772714,0.000586
2,0.99771187,0.000595
2,0.99769758,0.000601
2,0.99768091,0.000605
3,0.99766441,0.000615
3,0.9976489,0.000621
3,0.99763142,0.000628
3,0.99761801,0.000643
3,0.99760657,0.000646
3,0.99759345,0.000653
3,0.9975771,0.000652
3,0.99755664,0.000659
3,0.99754221,0.000674
3,0.99752714,0.000672
3,0.99750919,0.000683
3,0.99749153,0.000686
3,0.9974732,0.000697
3,0.99745537,0.000703
3,0.99743883,0.000716
3,0.99742374,0.000722
3,0.99740617,0.000729
3,0.99738784,0.000738
3,0.99737252,0.000751
3,0.99735673,0.000755
3,0.99733949,0.000766
3,0.99732287,0.000773
3,0.99730503,0.000782
3,0.99728759,0.000792
3,0.99727067,0.000802
3,0.99725487,0.000813
3,0.99723814,0.00082
3,0.99722112,0.000832
3,0.99720592,0.000842
3,0.99719008,0.00085
3,0.99717242,0.000858
3,0.99715458,0.000869
3,0.99713804,0.00088
3,0.99712101,0.000889
3,0.99710389,0.000901
3,0.99708775,0.000912
3,0.99707269,0.000924
3,0.99705904,0.000934
3,0.99704111,0.000937
3,0.99702103,0.000951
3,0.9970062,0.000966
3,0.99699087,0.000972
3,0.99697361,0.000984
3,0.99695651,0.000993
3,0.99693813,0.001004
3,0.99692132,0.001018
3,0.9969049,0.001028
3,0.9968879,0.001041
3,0.99687326,0.001055
3,0.99685874,0.001064
3,0.99684227,0.001074
3,0.9968254,0.001085
3,0.99680846,0.001096
3,0.99679091,0.001107
3,0.99677443,0.001121
3,0.99675803,0.001131
3,0.99674183,0.001145
3,0.99672612,0.001155
3,0.99670801,0.001165
3,0.99668966,0.001179
3,0.99667285,0.001193
3,0.99665717,0.001207
3,0.99664234,0.00122
3,0.99662602,0.00123
3,0.99660792,0.001243
3,0.99659239,0.00126
3,0.99657794,0.001271
3,0.99656137,0.001283
3,0.9965456,0.001298
3,0.99652859,0.001308
3,0.99651348,0.001328
3,0.99649951,0.001337
3,0.99648417,0.001353
3,0.99647177,0.001367
3,0.9964565,0.001374
3,0.99643993,0.00139
3,0.99642691,0.001404
3,0.99641114,0.001411
3,0.99639576,0.001429
3,0.99638149,0.001437
3,0.99636574,0.001451
3,0.99634905,0.00146
3,0.9963349,0.001479
3,0.99632018,0.001483
3,0.99630236,0.001498
3,0.99628606,0.001509
3,0.99627024,0.001523
3,0.99625363,0.001532
3,0.99623626,0.001546
3,0.99621837,0.001556
3,0.99620078,0.001572
3,0.99618474,0.001584
3,0.99616767,0.001596
3,0.99615084,0.001609
3,0.99613137,0.001617
3,0.99611049,0.001633
3,0.99609202,0.001648
3,0.99607222,0.00166
3,0.99605171,0.001677
3,0.99603122,0.001692
4,0.99601325,0.001714
4,0.99599219,0.001723
4,0.99597165,0.001753
4,0.99595743,0.001773
4,0.99594778,0.0018
4,0.99594001,0.001812
4,0.99593095,0.001829
4,0.99591357,0.001829
4,0.99590032,0.001864
4,0.99589893,0.001872
4,0.99588664,0.001868
4,0.99586131,0.00187
4,0.99584025,0.001894
4,0.99582123,0.001897
4,0.99579306,0.001909
4,0.99577073,0.001938
4,0.99575517,0.001954864
4,0.99573819,0.001971727
4,0.99572089,0.001988591
4,0.99570357,0.002005455
4,0.99568626,0.002022318
4,0.99566897,0.002039182
4,0.99565168,0.002056045
4,0.99563436,0.002072909
4,0.99561701,0.002089773
4,0.99559959,0.002106636
4,0.99558209,0.0021235
4,0.99556446,0.002140364
4,0.99554669,0.002157227
4,0.99552872,0.002174091
4,0.99551053,0.002190955
4,0.99549205,0.002207818
4,0.99547321,0.002224682
4,0.99545391,0.002241545
4,0.99543401,0.002258409
4,0.99541325,0.002275273
4,0.99539113,0.002292136
4,0.99536622,0.002309
4,0.99533825,0.00233
4,0.99531589,0.002364
4,0.99529817,0.002386
4,0.99527621,0.002408
4,0.99525545,0.002439
4,0.99524076,0.002469
4,0.99522591,0.00249
4,0.99520877,0.002515
4,0.99519102,0.002538
4,0.99517166,0.002563
4,0.99515542,0.002594
4,0.99513794,0.002614
4,0.99511884,0.002646
4,0.99510296,0.002675
4,0.99508942,0.002707
4,0.99507626,0.002733
4,0.99506309,0.002764
4,0.9950517,0.002792
4,0.99503865,0.002818
4,0.9950248,0.002848
4,0.9950133,0.00288
4,0.9950034,0.00291
4,0.99499623,0.002943
4,0.99498841,0.002967
4,0.99497986,0.002999
4,0.99497271,0.003026
4,0.99496616,0.003057
4,0.99496215,0.003086
4,0.994958,0.003112
4,0.99495495,0.003141
4,0.99495299,0.003165
4,0.99495014,0.003189
4,0.9949471,0.003212
4,0.9949424,0.003233
4,0.99493847,0.003259
4,0.99493671,0.003281
4,0.99493243,0.003299
4,0.99492773,0.003323
4,0.99492326,0.003342
4,0.99491988,0.003367
4,0.99491864,0.003386
4,0.99491732,0.003405
4,0.99491516,0.00342
4,0.99489726,0.003439
4,0.99487594,0.003484
4,0.99485068,0.003508
4,0.99481894,0.003558
4,0.99479788,0.003615
4,0.99477973,0.00366
4,0.9947614,0.003715
4,0.9947509,0.003772
4,0.99473999,0.003815
5,0.99472653,0.003869
5,0.99472129,0.003928
5,0.99472582,0.003981
5,0.99472688,0.004014
5,0.99472422,0.00406
5,0.99472772,0.004102
5,0.99473421,0.004136
5,0.99473331,0.004154
5,0.99472927,0.004186
5,0.99472443,0.004201
5,0.9947089,0.004214
5,0.99468803,0.004234
5,0.99466115,0.004247
5,0.99462881,0.00427
5,0.99458731,0.004283
5,0.99454063,0.00432
5,0.99449233,0.004349
5,0.99444245,0.004397
5,0.99439602,0.004442
5,0.99434666,0.004488
5,0.99428384,0.004529
5,0.99422062,0.004611
5,0.99417888,0.004699
5,0.9941291,0.004751
5,0.99408615,0.004868
5,0.99404646,0.004927
5,0.99401145,0.005057
5,0.99400574,0.005155
5,0.99399594,0.005235
5,0.99398835,0.005336
5,0.99400251,0.005436
5,0.99402528,0.005501
5,0.99403314,0.005545
5,0.9940383,0.005607
5,0.99404051,0.005633
5,0.99402031,0.005651
5,0.99398981,0.00568
5,0.99393334,0.005668
5,0.99384429,0.005687
5,0.99371858,0.005684
5,0.99355409,0.005733
5,0.99335947,0.005794
5,0.99313464,0.005912
5,0.99288882,0.006071
5,0.99261518,0.006285
5,0.99233608,0.006603
5,0.9920797,0.007001
5,0.9918617,0.007491
5,0.99168865,0.008052
5,0.9916537,0.008807
6,0.99170691,0.009404
6,0.99191712,0.01031
6,0.9922824,0.010909
6,0.99275361,0.011691
6,0.99341296,0.012287
6,0.99413792,0.012721
6,0.99489629,0.013061
6,0.99567198,0.01327
6,0.99644905,0.013397
6,0.99721567,0.01341
6,0.99793836,0.01333
6,0.99861309,0.013208
6,0.9992499,0.013049
6,0.99986387,0.012883
6,1.0005184,0.012746
6,1.0012271,0.012492
6,1.0019467,0.012126
6,1.0026185,0.011581
6,1.0031187,0.010856
6,1.0034447,0.010205
6,1.0036073,0.009511
6,1.0036117,0.009006
6,1.0036011,0.008755
6,1.0038514,0.00886
6,1.0045039,0.00882
6,1.0053404,0.008339
6,1.0060726,0.007446
6,1.0067639,0.006562
6,1.0071233,0.004826
6,1.0070063,0.003443
6,1.0063229,0.0015955
6,1.0051069,0.000661
6,1.0039651,0.0003195
6,1.0030856,0.0002705
6,1.00243,0.0002575
6,1.0018977,0.000256801
6,1.0016673,0.000261696
6,1.0014574,0.000262593
6,1.0012626,0.000266484
6,1.0010812,0.000266381
6,1.0009069,0.000262288
6,1.0007418,0.000267172
6,1.0005875,0.000267068
6,1.0004403,0.000266965
6,1.0002971,0.000262879
6,1.0001581,0.000264769
6,1.0000254,0.000266656
6,0.99990074,0.000273516
6,0.99978259,0.00027341
6,0.99966925,0.000276287
6,0.99955572,0.000268233
6,0.99944578,0.000277067
6,0.99934428,0.000275968
6,0.9992403,0.000268915
6,0.99913672,0.00027278
6,0.99903929,0.000276641
6,0.99894812,0.000281491
6,0.99885593,0.000274447
6,0.99876566,0.000283255
6,0.99867963,0.000280177
6,0.99859494,0.000285017
6,0.99851256,0.00028293
6,0.99843203,0.000286777
6,0.99835108,0.000281724
6,0.99827259,0.000290509
7,0.99819743,0.000287435
7,0.9981247,0.000294237
7,0.99805272,0.000287215
7,0.99797741,0.000288092
7,0.99790364,0.000289954
7,0.99783374,0.000296745
7,0.99776898,0.000300573
7,0.99770446,0.000298488
7,0.99763693,0.000296405
7,0.99757167,0.000302198
7,0.99751075,0.000303067
7,0.99744796,0.000299017
7,0.99738458,0.000300869
7,0.99732038,0.000297806
7,0.99725907,0.000306535
7,0.99720105,0.000304454
7,0.99714013,0.000304338
7,0.99708082,0.000309129
7,0.99702365,0.000310974
7,0.99696867,0.000315758
7,0.99691646,0.000316619
7,0.99686171,0.000311599
7,0.99680424,0.000311481
7,0.99674514,0.000310384
7,0.99668962,0.000321032
7,0.99663951,0.000323846
7,0.99658951,0.000325679
7,0.9965372,0.0003236
7,0.99648799,0.000332273
7,0.99643897,0.000325309
7,0.99638523,0.000327139
7,0.99633551,0.000333848
7,0.99628949,0.000335673
7,0.99624107,0.00033262
7,0.99619304,0.00033737
7,0.99614826,0.000337242
7,0.99609625,0.000327372
7,0.99604895,0.000344779
7,0.99600469,0.000332966
7,0.9959529,0.00033576
7,0.99590657,0.000343417
7,0.99586292,0.000343287
7,0.99581793,0.00034413
7,0.99577497,0.000346916
7,0.99572738,0.000338042
7,0.99567975,0.000348596
7,0.99563529,0.000346524
7,0.99559375,0.000357067
7,0.99555481,0.000352083
7,0.99551162,0.000350012
7,0.99546648,0.000346973
7,0.99541881,0.000345873
7,0.99537463,0.000353491
7,0.99532984,0.000348518
7,0.99528574,0.000359033
7,0.99524564,0.000358898
7,0.99520488,0.000361665
7,0.99516321,0.000359596
7,0.99511634,0.000357528
7,0.99507494,0.00037285
7,0.99504061,0.00037271
7,0.99499855,0.000364849
7,0.99495526,0.000373396
7,0.99491544,0.000374221
7,0.99488196,0.000385651
7,0.9948444,0.000368159
7,0.99479813,0.000371875
7,0.99475638,0.000375588
7,0.99471928,0.000381224
7,0.99467746,0.000371459
7,0.99463629,0.000384788
7,0.99459595,0.000376952
7,0.99455723,0.000392191
7,0.99452132,0.000385319
7,0.99448503,0.00039382
7,0.99444751,0.000383112
7,0.99440133,0.000382009
7,0.99435962,0.000393381
7,0.99432007,0.000393235
7,0.9942867,0.000410346
7,0.99425509,0.00040061
7,0.994216,0.000401419
7,0.99417816,0.000403185
7,0.99413997,0.000403036
7,0.99410329,0.000407671
7,0.99406721,0.000405607
7,0.99402506,0.000401631
7,0.99398495,0.000413909
7,0.99395406,0.000421401
7,0.99392686,0.000421245
7,0.99388654,0.000400082
7,0.99383826,0.000409479
7,0.99380481,0.000425548
7,0.9937737,0.00041776
7,0.99373408,0.000415699
7,0.99369809,0.000424123
7,0.99366094,0.000416345
7,0.99362016,0.000422858
7,0.99358712,0.000432222
7,0.99355918,0.000432063
8,0.99351871,0.000412877
8,0.9934706,0.000422234
8,0.99343364,0.000436338
8,0.99340614,0.00044473
8,0.99337663,0.000436967
8,0.9933347,0.00042731
8,0.99329593,0.00044329
8,0.99326411,0.000441229
8,0.99322752,0.000440118
8,0.99319168,0.000444698
8,0.99315482,0.000441691
8,0.99311579,0.000446266
8,0.99308255,0.000455573
8,0.99304565,0.000447832
8,0.99301464,0.000469436
8,0.99298364,0.000451288
8,0.99294597,0.000461526
8,0.99291193,0.000457575
8,0.99287368,0.000458352
8,0.99283769,0.000464798
8,0.9928048,0.000467461
8,0.99276739,0.000463513
8,0.99273411,0.000478443
8,0.99270357,0.000471665
8,0.99266745,0.000473378
8,0.99263182,0.00047509
8,0.99259983,0.000481513
8,0.9925663,0.000474744
8,0.99252636,0.00047457
8,0.99248844,0.000482869
8,0.99245665,0.000491161
8,0.99243174,0.000497566
8,0.99239875,0.00047952
8,0.99235644,0.000483105
8,0.9923194,0.000489506
8,0.99228688,0.000494963
8,0.99225335,0.000492905
8,0.99221725,0.000495541
8,0.99218373,0.00050099
8,0.99215279,0.000502684
8,0.99211668,0.000495939
8,0.99207812,0.000502319
8,0.99204334,0.00050682
8,0.99200926,0.000510382
8,0.99197398,0.000513005
8,0.99194344,0.000524985
8,0.99191577,0.000522924
8,0.99188219,0.000519929
8,0.99185225,0.000529088
8,0.9918212,0.000517683
8,0.99178466,0.000519364
8,0.99174602,0.000514507
8,0.99170941,0.000525522
8,0.99167866,0.000527198
8,0.99164548,0.000525142
8,0.99160677,0.000522155
8,0.99157358,0.00053688
8,0.99154087,0.000527368
8,0.99150405,0.000535561
8,0.99146951,0.000536299
8,0.99143966,0.000548205
8,0.99141216,0.000542425
8,0.9913769,0.000536649
8,0.99134031,0.000539244
8,0.99130163,0.000535333
8,0.99126697,0.000549076
8,0.99123455,0.000543306
8,0.99120162,0.000551466
8,0.99116389,0.000539203
8,0.99112498,0.00055478
8,0.99109495,0.00055829
8,0.9910637,0.00055809
8,0.99102391,0.000550475
8,0.99098945,0.000571585
8,0.99096223,0.000566749
8,0.99092945,0.000566546
8,0.99089247,0.000561716
8,0.99085261,0.00056614
8,0.99082131,0.000579808
8,0.99079143,0.000573129
8,0.99075463,0.000572
8,0.99066561,0.000584
8,0.99058142,0.00059
8,0.99049499,0.000594
8,0.99040824,0.000603
8,0.99032166,0.000609
8,0.99023583,0.00062
8,0.9901499,0.000626
9,0.99006548,0.00064
9,0.9899845,0.000648
9,0.98990115,0.000652
9,0.98981062,0.000654
9,0.98972557,0.000679
9,0.98964801,0.000685
9,0.98956621,0.000691
9,0.98948531,0.000701
9,0.98939998,0.000699
9,0.98931066,0.000712
9,0.98923034,0.000731
9,0.98915129,0.000733
9,0.98906792,0.000742
9,0.98898262,0.000748
9,0.98890384,0.00077
9,0.98882582,0.000767
9,0.98874345,0.00078
9,0.98866626,0.000789
9,0.98858662,0.00079
9,0.98850862,0.000802
9,0.98842798,0.000795
9,0.98834273,0.000804
9,0.98825827,0.000807
9,0.98818104,0.000826
9,0.98810739,0.00082
9,0.98802801,0.000819
9,0.98794153,0.000807
9,0.98784296,0.000803
9,0.98775798,0.000833
9,0.98768236,0.000823
9,0.98758412,0.000806
9,0.98749611,0.000843
9,0.98741229,0.00082
9,0.98731717,0.000835
9,0.98722949,0.000839
9,0.98713688,0.000839
9,0.98704752,0.000855
9,0.98695528,0.000848
9,0.98686047,0.000867
9,0.98677548,0.000879
10,0.98669044,0.000882
10,0.98659546,0.000878
10,0.98649733,0.000894
10,0.98641048,0.000915
10,0.9863254,0.000918
10,0.98624006,0.000932
10,0.98615005,0.000926
10,0.98605962,0.000945
10,0.98596225,0.000933
10,0.98586992,0.000973
10,0.98578919,0.000971
10,0.98569883,0.000978
10,0.98561055,0.000989
10,0.98551487,0.000984
10,0.98542121,0.001011
10,0.98533456,0.001015
10,0.98524417,0.001026
10,0.98515011,0.00103
10,0.98505971,0.001053
10,0.9849726,0.001057
10,0.9848835,0.001071
10,0.98479329,0.001075
10,0.98470465,0.001092
10,0.98461462,0.001091
10,0.98452214,0.001106
10,0.98442846,0.001108
10,0.98433484,0.001127
10,0.98424434,0.001135
10,0.98415491,0.001151
10,0.98406539,0.001156
10,0.98397551,0.00117
10,0.98388373,0.001172
10,0.98379164,0.001188
10,0.98369879,0.00119
10,0.98360428,0.001206
10,0.98351392,0.001217
10,0.98342202,0.001225
10,0.98333271,0.00124
10,0.98324184,0.00124
10,0.98314311,0.001246
11,0.9830486,0.001265
11,0.98295644,0.00127
11,0.98286111,0.001281
11,0.98276504,0.00129
11,0.98267084,0.001306
11,0.9825784,0.001315
11,0.98248501,0.001326
11,0.98238984,0.001333
11,0.98229221,0.001344
11,0.98219637,0.001359
11,0.98210383,0.001373
11,0.98201159,0.0013825
11,0.98191392,0.001388
11,0.98182191,0.001413
11,0.98173201,0.001412
11,0.98163548,0.001422
11,0.98153861,0.001429
11,0.98143999,0.0014385
11,0.98134121,0.0014495
11,0.98124109,0.00146
11,0.98114313,0.0014785
11,0.98105089,0.0014945
11,0.98095623,0.0015
11,0.98086142,0.001517
11,0.98077043,0.0015255
11,0.98067455,0.001527
11,0.98057086,0.001531
11,0.98046648,0.001547
11,0.98037236,0.00157
11,0.98028156,0.001574
11,0.98018162,0.001575
11,0.98007609,0.001584
11,0.97997814,0.001606
11,0.97987657,0.001601
11,0.97977295,0.001626
11,0.97967498,0.001633
11,0.97957208,0.001644
11,0.97947373,0.001664
11,0.97937551,0.001668
11,0.97927543,0.001683
12,0.97917074,0.001683
12,0.97906357,0.001704
12,0.97896371,0.001721
12,0.97886537,0.001734
12,0.97876612,0.001745
12,0.97866135,0.001751
12,0.97856035,0.001776
12,0.97846817,0.001787
12,0.97836623,0.001781
12,0.97825766,0.001794
12,0.97814598,0.001797
12,0.97803606,0.001823
12,0.97792799,0.001832
12,0.97782219,0.001863
12,0.97773456,0.001892
12,0.97764157,0.001881
12,0.97754014,0.001895
12,0.97742575,0.001876
12,0.97730543,0.001907
12,0.97719685,0.001922
12,0.97708946,0.001943
12,0.97698429,0.001959309
12,0.97687856,0.001975618
12,0.97677273,0.001991926
12,0.97666691,0.002008235
12,0.9765611,0.002024544
12,0.9764553,0.002040853
12,0.97634948,0.002057162
12,0.97624363,0.002073471
12,0.97613775,0.002089779
12,0.97603181,0.002106088
12,0.9759258,0.002122397
12,0.97581973,0.002138706
12,0.97571357,0.002155015
12,0.97560733,0.002171324
12,0.975501,0.002187632
12,0.97539456,0.002203941
12,0.97528802,0.00222025
12,0.97518137,0.002236559
12,0.9750746,0.002252868
13,0.97496772,0.002269176
13,0.97486071,0.002285485
13,0.97475358,0.002301794
13,0.97464632,0.002318103
13,0.97453893,0.002334412
13,0.9744314,0.002350721
13,0.97432373,0.002367029
13,0.97421592,0.002383338
13,0.97410797,0.002399647
13,0.97399988,0.002415956
13,0.97389163,0.002432265
13,0.97378324,0.002448574
13,0.97367469,0.002464882
13,0.97356599,0.002481191
13,0.97345713,0.0024975
13,0.97334811,0.002513809
13,0.97323894,0.002530118
13,0.9731296,0.002546426
13,0.9730201,0.002562735
13,0.97291043,0.002579044
13,0.9728006,0.002595353
13,0.9726906,0.002611662
13,0.97258043,0.002627971
13,0.97247008,0.002644279
13,0.97235957,0.002660588
13,0.97224888,0.002676897
13,0.97213802,0.002693206
13,0.97202698,0.002709515
13,0.97191577,0.002725824
13,0.97180438,0.002742132
13,0.97169281,0.002758441
13,0.97158106,0.00277475
13,0.97146913,0.002791059
13,0.97135702,0.002807368
13,0.97124474,0.002823676
13,0.97113227,0.002839985
13,0.97101962,0.002856294
13,0.9709068,0.002872603
13,0.9707938,0.002888912
13,0.97068062,0.002905221
14,0.97056728,0.002921529
14,0.97045377,0.002937838
14,0.97034011,0.002954147
14,0.97022631,0.002970456
14,0.97011239,0.002986765
14,0.96999838,0.003003074
14,0.96988435,0.003019382
14,0.96977043,0.003035691
14,0.96965696,0.003052
14,0.96943226,0.003083
14,0.96918605,0.003083
14,0.96895607,0.003169
14,0.96872841,0.00315
14,0.96848423,0.003206
14,0.96823723,0.00321
14,0.96799043,0.003279
14,0.96776102,0.003311
14,0.96751338,0.003332
14,0.96728644,0.003416
14,0.96706862,0.003412
14,0.96681109,0.003419
14,0.9665586,0.003481
14,0.96631542,0.003504
14,0.96607329,0.003556
15,0.96582556,0.003569
15,0.96558149,0.003633
15,0.96534251,0.003645
15,0.96507471,0.003663
15,0.96482128,0.003743
15,0.96457952,0.003764
15,0.96434251,0.003828
15,0.96408736,0.003811
15,0.96382575,0.003893
15,0.96358216,0.003915
15,0.96333741,0.003967
15,0.96306835,0.003956
15,0.96280247,0.004056
15,0.96256606,0.00409
15,0.96233931,0.004152
15,0.96209637,0.004131
15,0.96183292,0.004177
15,0.96158249,0.004201
15,0.96131015,0.0042
15,0.96103218,0.004252
16,0.96076101,0.004279
16,0.96048103,0.00432
16,0.96021016,0.004382
16,0.95997255,0.004455
16,0.9597219,0.004437
16,0.95943279,0.004466
16,0.95917525,0.004548
16,0.95891496,0.004528
16,0.958627,0.00457
16,0.95834652,0.004603
16,0.9580648,0.00464
16,0.95777471,0.004669
16,0.95748883,0.004731
16,0.95721106,0.004771
16,0.95692835,0.004817
16,0.95664506,0.004866
16,0.95639213,0.00495
16,0.95610729,0.004904
16,0.95580954,0.005014
16,0.95553983,0.005033
17,0.95527056,0.005101
17,0.95499341,0.005097
17,0.9546965,0.005145
17,0.95439116,0.005168
17,0.95410528,0.005269
17,0.95387697,0.005333
17,0.95358859,0.0052415
17,0.95327743,0.00534
17,0.95294921,0.005272
17,0.95260338,0.0054
17,0.95231378,0.0054595
17,0.95201557,0.005504
17,0.95169269,0.0055455
17,0.95144248,0.005724
17,0.95118177,0.005629
17,0.95088182,0.005737
17,0.95060468,0.0057105
17,0.95024242,0.005674
17,0.94988628,0.0058065
17,0.94961755,0.005909
18,0.9493348,0.0058845
18,0.94897456,0.005885
18,0.94863363,0.006018
18,0.94833877,0.006082
18,0.94804668,0.0061525
18,0.94777942,0.006222
18,0.9474777,0.0061835
18,0.94714314,0.006244
18,0.94680802,0.006263
18,0.94646233,0.006333
18,0.94614386,0.006423
18,0.94587819,0.00652
18,0.94552861,0.0064065
18,0.9452029,0.006654
18,0.94493298,0.006586
18,0.94461313,0.006664
18,0.94427812,0.006631
18,0.94396091,0.006751
18,0.94367959,0.0067145
18,0.94318352,0.006495
19,0.94272184,0.006899
19,0.94214734,0.006996
19,0.94147617,0.007111
19,0.94078674,0.007236
19,0.94011139,0.007393
19,0.93943368,0.007492
19,0.93873689,0.007619
19,0.9380149,0.007716
19,0.93729638,0.0079
19,0.93659988,0.008035
20,0.93588062,0.008159
20,0.93516051,0.008326
20,0.9344421,0.008458
20,0.93370583,0.008601
20,0.93295997,0.008753
20,0.93220307,0.008911
20,0.93145463,0.009108
20,0.9307014,0.009264
20,0.92995507,0.009488
20,0.92921595,0.009651
21,0.9284609,0.009847
21,0.92771424,0.01005
21,0.92697672,0.01025
21,0.92621782,0.010412
21,0.92547172,0.010661
21,0.92473543,0.010816
21,0.92396631,0.010999
21,0.92318471,0.011188
21,0.92240799,0.011411
21,0.9216351,0.011611
22,0.92085687,0.011828
22,0.92008942,0.012052
22,0.91930215,0.012228
22,0.91850656,0.012474
22,0.91770601,0.012671
22,0.91690862,0.012946
22,0.91612662,0.013174
22,0.91535792,0.013447
22,0.91460363,0.013662
22,0.91381361,0.013849
23,0.91300315,0.014085
23,0.91220148,0.014328
23,0.91141223,0.014579
23,0.91062889,0.014809
23,0.90982369,0.015015
23,0.90900829,0.015264
23,0.90821648,0.015521
23,0.90742317,0.015727
23,0.90659844,0.015932
23,0.90574992,0.016157
24,0.90492567,0.016446
24,0.90412258,0.016669
24,0.90327546,0.016862
24,0.90242271,0.017147
24,0.90161811,0.017424
24,0.90082457,0.017638
24,0.90000232,0.0178222
24,0.89914923,0.0180064
24,0.8982714,0.0181906
24,0.89736388,0.0183748
25,0.89640416,0.018559
25,0.8954805,0.018907
25,0.89459232,0.0191115
25,0.89364145,0.019327
25,0.89268414,0.0196295
25,0.89177836,0.019948
25,0.89081655,0.020116
25,0.88985455,0.0205335
25,0.88894698,0.020803
25,0.88803477,0.0211375
26,0.88712739,0.0214025
26,0.88619806,0.0216845
26,0.88524155,0.021941
26,0.88422407,0.0222105
26,0.88334561,0.0227655
26,0.88245536,0.0228
26,0.88140447,0.0231235
26,0.88036783,0.0234535
26,0.87942285,0.023949
26,0.8785225,0.024215
27,0.87759156,0.0245625
27,0.87659333,0.0247575
27,0.87557105,0.0251905
27,0.8746111,0.025543
27,0.87365856,0.025908
27,0.87269391,0.026222
27,0.87168359,0.026548
27,0.87076578,0.0270565
27,0.86979314,0.027171
27,0.86875975,0.0276765
28,0.86787297,0.0280885
28,0.86693919,0.0282955
28,0.86598159,0.028685
28,0.86495305,0.0288185
28,0.8638905,0.029294
28,0.86296902,0.0296955
28,0.86199828,0.029883
28,0.86104672,0.0303165
28,0.85999279,0.0303055
28,0.85889509,0.030826
29,0.85791915,0.03105
29,0.85675286,0.0311375
29,0.85552512,0.031599
29,0.85452254,0.032154
29,0.85352381,0.0322785
29,0.85235812,0.0325315
29,0.85119055,0.0328905
29,0.85004062,0.033211
29,0.84882015,0.0334875
29,0.84767491,0.0340405
30,0.84657478,0.0342685
30,0.8453481,0.034555
30,0.84406911,0.03491
30,0.84280158,0.035361
30,0.84161147,0.035861
30,0.84044051,0.03623
30,0.8392395,0.036627
30,0.83795606,0.036915
30,0.83662808,0.037405
30,0.83540827,0.037943
31,0.83401298,0.038087
31,0.83257802,0.038918
31,0.8314617,0.039647
31,0.83031321,0.039951
31,0.82904147,0.040463
31,0.82773648,0.040884
31,0.82628042,0.041327
31,0.82505981,0.04238
31,0.82404089,0.042741
31,0.82263147,0.042881
32,0.82116249,0.043748
32,0.8199887,0.044488
32,0.81856824,0.044666
32,0.81728417,0.04598
32,0.81625049,0.046315
32,0.81487319,0.046753
32,0.81359652,0.04772
32,0.81250802,0.048308
32,0.8114665,0.048956
32,0.81017549,0.048992
33,0.80859827,0.049621
33,0.80720873,0.050491
33,0.80582233,0.051035
33,0.80458528,0.052175
33,0.80346753,0.052663
33,0.80240155,0.053583
33,0.80131405,0.053792
33,0.7998799,0.054164
33,0.79845644,0.054914
33,0.79690408,0.055261
34,0.79549248,0.056549
34,0.79412927,0.056913
34,0.79296749,0.05844
34,0.79210173,0.058792
34,0.79074243,0.059035
34,0.78963564,0.060282
34,0.788229,0.059738
34,0.78646362,0.061017
34,0.78525596,0.061946
34,0.78410526,0.062543
35,0.7828062,0.06303
35,0.7814025,0.063607
35,0.77993365,0.064167
35,0.77840709,0.064829
35,0.77675534,0.065444
35,0.77547705,0.066894
35,0.7742276,0.06698
35,0.77275383,0.067941
35,0.7711933,0.068202
35,0.76939064,0.069104
36,0.76784437,0.070272
36,0.7667066,0.071418
36,0.76529467,0.071478
36,0.76367536,0.072608
36,0.761885,0.072861
36,0.76025769,0.074673
36,0.75911958,0.075425
36,0.75735819,0.075654
36,0.75604315,0.077853
36,0.75465986,0.07736
37,0.75290701,0.079108
37,0.75141842,0.079593
37,0.74986374,0.080972
37,0.74855518,0.081845
37,0.74667951,0.082136
37,0.74503946,0.084291
37,0.74372744,0.084882
37,0.74242728,0.086552
37,0.74110204,0.08699
37,0.74031546,0.089164
38,0.73897745,0.087728
38,0.7367271,0.089328
38,0.7355279,0.090742
38,0.73324201,0.089542
38,0.73003261,0.091793
38,0.72814793,0.094794
38,0.72804908,0.097969
38,0.72770322,0.097359
38,0.72673819,0.099044
38,0.72521109,0.09815
39,0.72388175,0.100806
39,0.72249747,0.099457
39,0.71922003,0.09988
39,0.7167527,0.10325
39,0.71541486,0.104984
39,0.71529384,0.108188
39,0.71317355,0.105026
39,0.7112452,0.111446
39,0.71148017,0.111234
39,0.71131743,0.113293
40,0.7102595,0.111367
40,0.70790118,0.11272
40,0.70611294,0.113892
40,0.70443431,0.115094
40,0.70279385,0.116344
40,0.70127529,0.117739
40,0.69979257,0.118882
40,0.69819473,0.120074
40,0.69661147,0.121457
40,0.69515813,0.12287
41,0.6936605,0.124032
41,0.69218302,0.125539
41,0.69080571,0.126804
41,0.68927104,0.127951
41,0.68782197,0.129574
41,0.68646619,0.130741
41,0.68504939,0.132104
41,0.68353969,0.133214
41,0.68204575,0.134773
41,0.68066684,0.136054
42,0.67920765,0.137338
42,0.67778038,0.138764
42,0.67631313,0.139967
42,0.67481198,0.141446
42,0.67347154,0.142951
42,0.6722227,0.144275
42,0.67080941,0.145323
42,0.66933407,0.146751
42,0.66788098,0.147947
42,0.66642417,0.149365
43,0.66499158,0.150603
43,0.66354371,0.151954
43,0.66208173,0.153177
43,0.66065377,0.154562
43,0.65911309,0.155559
43,0.65738776,0.156911
43,0.65595681,0.158664
43,0.65460247,0.159694
43,0.65314444,0.161057
43,0.65178075,0.16219
44,0.64980549,0.162555
44,0.64778473,0.164698
44,0.64650643,0.166344
44,0.64510391,0.167136
44,0.64336364,0.168233
44,0.64151702,0.169296
44,0.6396925,0.170612
44,0.63789441,0.171644
44,0.63625259,0.172885
44,0.63403269,0.172558
45,0.63089399,0.172427
45,0.61437624,0.194764618
46,0.60410118,0.209838973
47,0.5929281,0.226258845
48,0.58166036,0.244024234
48,0.57059056,0.263135142
49,0.55981847,0.283591566
50,0.54936179,0.305393509
51,0.53906206,0.328540968
52,0.52821707,0.353033945
53,0.52021677,0.384028
58,0.51011977,0.513503
67,0.53382919,0.74155
74,0.58147806,0.903451
83,0.61852764,1.05499
86,0.6459613,1.179405
91,0.73025683,1.301012
98,0.82624807,1.396138
104,0.90307,1.514324
113,1.1042849,1.761264
119,1.273886,1.807451
124,1.4179475,1.838492
131,1.5985959,1.845867
141,1.8167955,1.828389
149,1.9752206,1.784282
155,2.0999235,1.741795
159,2.1503649,1.678377
165,2.2013548,1.639645
170,2.2362118,1.590277
174,2.2877275,1.615689
177,2.3314531,1.564728
180,2.3465461,1.515407
