1538,2.02942,2e-05
1539,2.02941,2e-05
1540,2.0294,2e-05
1541,2.02939,2e-05
1542,2.02938,2e-05
1543,2.02937,2e-05
1544,2.02936,2e-05
1545,2.02935,2e-05
1546,2.02934,2e-05
1547,2.02933,2e-05
1547,2.02932,2e-05
1548,2.02931,2e-05
1549,2.0293,2e-05
1550,2.02929,2e-05
1551,2.02928,2e-05
1552,2.02927,2e-05
1553,2.02926,2e-05
1554,2.02925,2e-05
1555,2.02924,2e-05
1556,2.02923,2e-05
1557,2.02922,2e-05
1558,2.02921,2e-05
1559,2.0292,2e-05
1560,2.02919,3e-05
1561,2.02918,3e-05
1562,2.02917,3e-05
1563,2.02916,3e-05
1564,2.02915,3e-05
1565,2.02914,3e-05
1566,2.02913,3e-05
1567,2.02912,3e-05
1568,2.02911,3e-05
1569,2.0291,3e-05
1570,2.02909,3e-05
1571,2.02908,3e-05
1572,2.02907,3e-05
1573,2.02906,3e-05
1574,2.02905,3e-05
1575,2.02904,3e-05
1576,2.02903,3e-05
1577,2.02902,3e-05
1578,2.02901,3e-05
1579,2.029,3e-05
1580,2.02899,3e-05
1581,2.02898,3e-05
1582,2.02897,3e-05
1583,2.02896,3e-05
1584,2.02895,3e-05
1585,2.02894,3e-05
1586,2.02893,3e-05
1587,2.02892,3e-05
1588,2.0289,3e-05
1589,2.02889,3e-05
1590,2.02888,3e-05
1591,2.02887,3e-05
1592,2.02886,3e-05
1593,2.02885,3e-05
1594,2.02884,3e-05
1595,2.02883,3e-05
1596,2.02882,3e-05
1597,2.02881,3e-05
1598,2.0288,3e-05
1599,2.02879,3e-05
1600,2.02878,3e-05
1601,2.02876,3e-05
1602,2.02875,3e-05
1603,2.02874,3e-05
1604,2.02873,3e-05
1605,2.02872,3e-05
1606,2.02871,3e-05
1607,2.0287,3e-05
1608,2.02869,3e-05
1609,2.02868,3e-05
1610,2.02867,3e-05
1611,2.02865,3e-05
1612,2.02864,3e-05
1613,2.02863,3e-05
1614,2.02862,3e-05
1616,2.02861,3e-05
1617,2.0286,3e-05
1618,2.02859,3e-05
1619,2.02858,3e-05
1620,2.02857,3e-05
1621,2.02855,3e-05
1622,2.02854,3e-05
1623,2.02853,3e-05
1624,2.02852,3e-05
1625,2.02851,3e-05
1626,2.0285,3e-05
1627,2.02849,3e-05
1628,2.02847,3e-05
1629,2.02846,3e-05
1630,2.02845,3e-05
1631,2.02844,3e-05
1632,2.02843,3e-05
1633,2.02842,3e-05
1635,2.02841,3e-05
1636,2.02839,3e-05
1637,2.02838,3e-05
1638,2.02837,3e-05
1639,2.02836,3e-05
1640,2.02835,3e-05
1641,2.02833,3e-05
1642,2.02832,3e-05
1643,2.02831,3e-05
1644,2.0283,3e-05
1645,2.02829,3e-05
1646,2.02828,3e-05
1647,2.02826,3e-05
1649,2.02825,3e-05
1650,2.02824,3e-05
1651,2.02823,3e-05
1652,2.02822,3e-05
1653,2.0282,3e-05
1654,2.02819,3e-05
1655,2.02818,3e-05
1656,2.02817,3e-05
1657,2.02816,3e-05
1658,2.02814,3e-05
1660,2.02813,3e-05
1661,2.02812,3e-05
1662,2.02811,3e-05
1663,2.0281,3e-05
1664,2.02808,3e-05
1665,2.02807,3e-05
1666,2.02806,3e-05
1667,2.02805,3e-05
1668,2.02803,3e-05
1670,2.02802,3e-05
1671,2.02801,3e-05
1672,2.028,3e-05
1673,2.02798,3e-05
1674,2.02797,3e-05
1675,2.02796,3e-05
1676,2.02795,3e-05
1677,2.02793,3e-05
1678,2.02792,3e-05
1680,2.02791,3e-05
1681,2.0279,3e-05
1682,2.02788,3e-05
1683,2.02787,3e-05
1684,2.02786,3e-05
1685,2.02785,3e-05
1686,2.02783,3e-05
1688,2.02782,3e-05
1689,2.02781,3e-05
1690,2.02779,3e-05
1691,2.02778,3e-05
1692,2.02777,3e-05
1693,2.02776,3e-05
1694,2.02774,3e-05
1696,2.02773,3e-05
1697,2.02772,3e-05
1698,2.0277,3e-05
1699,2.02769,3e-05
1700,2.02768,3e-05
1701,2.02766,3e-05
1703,2.02765,3e-05
1704,2.02764,3e-05
1705,2.02762,3e-05
1706,2.02761,3e-05
1707,2.0276,3e-05
1708,2.02759,3e-05
1709,2.02757,3e-05
1711,2.02756,3e-05
1712,2.02755,3e-05
1713,2.02753,3e-05
1714,2.02752,3e-05
1715,2.0275,3e-05
1717,2.02749,3e-05
1718,2.02748,3e-05
1719,2.02746,3e-05
1720,2.02745,3e-05
1721,2.02744,3e-05
1722,2.02742,3e-05
1724,2.02741,3e-05
1725,2.0274,3e-05
1726,2.02738,3e-05
1727,2.02737,3e-05
1728,2.02736,3e-05
1730,2.02734,3e-05
1731,2.02733,3e-05
1732,2.02731,3e-05
1733,2.0273,3e-05
1734,2.02729,3e-05
1736,2.02727,3e-05
1737,2.02726,3e-05
1738,2.02724,3e-05
1739,2.02723,3e-05
1740,2.02722,3e-05
1742,2.0272,4e-05
1743,2.02719,4e-05
1744,2.02717,4e-05
1745,2.02716,4e-05
1747,2.02715,4e-05
1748,2.02713,4e-05
1749,2.02712,4e-05
1750,2.0271,4e-05
1751,2.02709,4e-05
1753,2.02707,4e-05
1754,2.02706,4e-05
1755,2.02705,4e-05
1756,2.02703,4e-05
1758,2.02702,4e-05
1759,2.027,4e-05
1760,2.02699,4e-05
1761,2.02697,4e-05
1763,2.02696,4e-05
1764,2.02694,4e-05
1765,2.02693,4e-05
1766,2.02691,4e-05
1768,2.0269,4e-05
1769,2.02688,4e-05
1770,2.02687,4e-05
1771,2.02685,4e-05
1773,2.02684,4e-05
1774,2.02682,4e-05
1775,2.02681,4e-05
1776,2.0268,4e-05
1778,2.02678,4e-05
1779,2.02677,4e-05
1780,2.02675,4e-05
1781,2.02673,4e-05
1783,2.02672,4e-05
1784,2.0267,4e-05
1785,2.02669,4e-05
1786,2.02667,4e-05
1788,2.02666,4e-05
1789,2.02664,4e-05
1790,2.02663,4e-05
1792,2.02661,4e-05
1793,2.0266,4e-05
1794,2.02658,4e-05
1795,2.02657,4e-05
1797,2.02655,4e-05
1798,2.02654,4e-05
1799,2.02652,4e-05
1801,2.0265,4e-05
1802,2.02649,4e-05
1803,2.02647,4e-05
1805,2.02646,4e-05
1806,2.02644,4e-05
1807,2.02643,4e-05
1808,2.02641,4e-05
1810,2.02639,4e-05
1811,2.02638,4e-05
1812,2.02636,4e-05
1814,2.02635,4e-05
1815,2.02633,4e-05
1816,2.02631,4e-05
1818,2.0263,4e-05
1819,2.02628,4e-05
1820,2.02627,4e-05
1822,2.02625,4e-05
1823,2.02623,4e-05
1824,2.02622,4e-05
1826,2.0262,4e-05
1827,2.02619,4e-05
1828,2.02617,4e-05
1830,2.02615,4e-05
1831,2.02614,4e-05
1832,2.02612,4e-05
1834,2.0261,4e-05
1835,2.02609,4e-05
1836,2.02607,4e-05
1838,2.02605,4e-05
1839,2.02604,4e-05
1840,2.02602,4e-05
1842,2.026,4e-05
1843,2.02599,4e-05
1845,2.02597,4e-05
1846,2.02595,4e-05
1847,2.02594,4e-05
1849,2.02592,4e-05
1850,2.0259,4e-05
1851,2.02589,4e-05
1853,2.02587,4e-05
1854,2.02585,4e-05
1855,2.02583,4e-05
1857,2.02582,4e-05
1858,2.0258,4e-05
1860,2.02578,4e-05
1861,2.02577,4e-05
1862,2.02575,4e-05
1864,2.02573,4e-05
1865,2.02571,4e-05
1867,2.0257,4e-05
1868,2.02568,4e-05
1869,2.02566,4e-05
1871,2.02564,4e-05
1872,2.02563,4e-05
1874,2.02561,4e-05
1875,2.02559,4e-05
1876,2.02557,4e-05
1878,2.02556,4e-05
1879,2.02554,4e-05
1881,2.02552,4e-05
1882,2.0255,4e-05
1883,2.02548,4e-05
1885,2.02547,4e-05
1886,2.02545,4e-05
1888,2.02543,4e-05
1889,2.02541,4e-05
1891,2.02539,5e-05
1892,2.02538,5e-05
1893,2.02536,5e-05
1895,2.02534,5e-05
1896,2.02532,5e-05
1898,2.0253,5e-05
1899,2.02528,5e-05
1901,2.02527,5e-05
1902,2.02525,5e-05
1904,2.02523,5e-05
1905,2.02521,5e-05
1906,2.02519,5e-05
1908,2.02517,5e-05
1909,2.02515,5e-05
1911,2.02514,5e-05
1912,2.02512,5e-05
1914,2.0251,5e-05
1915,2.02508,5e-05
1917,2.02506,5e-05
1918,2.02504,5e-05
1920,2.02502,5e-05
1921,2.025,5e-05
1923,2.02498,5e-05
1924,2.02497,5e-05
1926,2.02495,5e-05
1927,2.02493,5e-05
1929,2.02491,5e-05
1930,2.02489,5e-05
1931,2.02487,5e-05
1933,2.02485,5e-05
1934,2.02483,5e-05
1936,2.02481,5e-05
1937,2.02479,5e-05
1939,2.02477,5e-05
1940,2.02475,5e-05
1942,2.02473,5e-05
1944,2.02471,5e-05
1945,2.02469,5e-05
1947,2.02467,5e-05
1948,2.02465,5e-05
1950,2.02463,5e-05
1951,2.02461,5e-05
1953,2.02459,5e-05
1954,2.02457,5e-05
1956,2.02455,5e-05
1957,2.02453,5e-05
1959,2.02451,5e-05
1960,2.02449,5e-05
1962,2.02447,5e-05
1963,2.02445,5e-05
1965,2.02443,5e-05
1966,2.02441,5e-05
1968,2.02439,5e-05
1970,2.02437,5e-05
1971,2.02435,5e-05
1973,2.02433,5e-05
1974,2.02431,5e-05
1976,2.02429,5e-05
1977,2.02427,5e-05
1979,2.02425,5e-05
1980,2.02422,5e-05
1982,2.0242,5e-05
1984,2.02418,5e-05
1985,2.02416,5e-05
1987,2.02414,5e-05
1988,2.02412,5e-05
1990,2.0241,5e-05
1992,2.02408,5e-05
1993,2.02406,5e-05
1995,2.02403,5e-05
1996,2.02401,5e-05
1998,2.02399,5e-05
2000,2.02397,5e-05
2001,2.02395,5e-05
2003,2.02393,5e-05
2004,2.0239,5e-05
2006,2.02388,5e-05
2008,2.02386,5e-05
2009,2.02384,5e-05
2011,2.02382,5e-05
2012,2.0238,5e-05
2014,2.02377,5e-05
2016,2.02375,5e-05
2017,2.02373,6e-05
2019,2.02371,6e-05
2021,2.02368,6e-05
2022,2.02366,6e-05
2024,2.02364,6e-05
2025,2.02362,6e-05
2027,2.0236,6e-05
2029,2.02357,6e-05
2030,2.02355,6e-05
2032,2.02353,6e-05
2034,2.02351,6e-05
2035,2.02348,6e-05
2037,2.02346,6e-05
2039,2.02344,6e-05
2040,2.02341,6e-05
2042,2.02339,6e-05
2044,2.02337,6e-05
2045,2.02334,6e-05
2047,2.02332,6e-05
2049,2.0233,6e-05
2050,2.02328,6e-05
2052,2.02325,6e-05
2054,2.02323,6e-05
2055,2.0232,6e-05
2057,2.02318,6e-05
2059,2.02316,6e-05
2061,2.02313,6e-05
2062,2.02311,6e-05
2064,2.02309,6e-05
2066,2.02306,6e-05
2067,2.02304,6e-05
2069,2.02302,6e-05
2071,2.02299,6e-05
2072,2.02297,6e-05
2074,2.02294,6e-05
2076,2.02292,6e-05
2078,2.02289,6e-05
2079,2.02287,6e-05
2081,2.02285,6e-05
2083,2.02282,6e-05
2085,2.0228,6e-05
2086,2.02277,6e-05
2088,2.02275,6e-05
2090,2.02272,6e-05
2092,2.0227,6e-05
2093,2.02267,6e-05
2095,2.02265,6e-05
2097,2.02262,6e-05
2099,2.0226,6e-05
2100,2.02257,6e-05
2102,2.02255,6e-05
2104,2.02252,6e-05
2106,2.0225,6e-05
2107,2.02247,6e-05
2109,2.02245,6e-05
2111,2.02242,6e-05
2113,2.0224,6e-05
2115,2.02237,6e-05
2116,2.02235,6e-05
2118,2.02232,6e-05
2120,2.02229,6e-05
2122,2.02227,6e-05
2124,2.02224,6e-05
2125,2.02222,6e-05
2127,2.02219,6e-05
2129,2.02216,7e-05
2131,2.02214,7e-05
2133,2.02211,7e-05
2134,2.02209,7e-05
2136,2.02206,7e-05
2138,2.02203,7e-05
2140,2.02201,7e-05
2142,2.02198,7e-05
2144,2.02195,7e-05
2145,2.02193,7e-05
2147,2.0219,7e-05
2149,2.02187,7e-05
2151,2.02184,7e-05
2153,2.02182,7e-05
2155,2.02179,7e-05
2157,2.02176,7e-05
2158,2.02174,7e-05
2160,2.02171,7e-05
2162,2.02168,7e-05
2164,2.02165,7e-05
2166,2.02163,7e-05
2168,2.0216,7e-05
2170,2.02157,7e-05
2172,2.02154,7e-05
2173,2.02152,7e-05
2175,2.02149,7e-05
2177,2.02146,7e-05
2179,2.02143,7e-05
2181,2.0214,7e-05
2183,2.02138,7e-05
2185,2.02135,7e-05
2187,2.02132,7e-05
2189,2.02129,7e-05
2191,2.02126,7e-05
2192,2.02123,7e-05
2194,2.0212,7e-05
2196,2.02118,7e-05
2198,2.02115,7e-05
2200,2.02112,7e-05
2202,2.02109,7e-05
2204,2.02106,7e-05
2206,2.02103,7e-05
2208,2.021,7e-05
2210,2.02097,7e-05
2212,2.02094,7e-05
2214,2.02091,7e-05
2216,2.02088,7e-05
2218,2.02085,7e-05
2220,2.02082,7e-05
2222,2.02079,7e-05
2224,2.02076,7e-05
2226,2.02073,7e-05
2228,2.0207,7e-05
2230,2.02067,8e-05
2232,2.02064,8e-05
2234,2.02061,8e-05
2236,2.02058,8e-05
2238,2.02055,8e-05
2240,2.02052,8e-05
2242,2.02049,8e-05
2244,2.02046,8e-05
2246,2.02043,8e-05
2248,2.0204,8e-05
2250,2.02037,8e-05
2252,2.02034,8e-05
2254,2.02031,8e-05
2256,2.02027,8e-05
2258,2.02024,8e-05
2260,2.02021,8e-05
2262,2.02018,8e-05
2264,2.02015,8e-05
2266,2.02012,8e-05
2268,2.02008,8e-05
2270,2.02005,8e-05
2272,2.02002,8e-05
2274,2.01999,8e-05
2276,2.01996,8e-05
2278,2.01992,8e-05
2281,2.01989,8e-05
2283,2.01986,8e-05
2285,2.01983,8e-05
2287,2.01979,8e-05
2289,2.01976,8e-05
2291,2.01973,8e-05
2293,2.0197,8e-05
2295,2.01966,8e-05
2297,2.01963,8e-05
2299,2.0196,8e-05
2302,2.01956,8e-05
2304,2.01953,8e-05
2306,2.0195,8e-05
2308,2.01946,8e-05
2310,2.01943,8e-05
2312,2.0194,8e-05
2314,2.01936,8e-05
2316,2.01933,8e-05
2319,2.01929,8e-05
2321,2.01926,9e-05
2323,2.01923,9e-05
2325,2.01919,9e-05
2327,2.01916,9e-05
2329,2.01912,9e-05
2332,2.01909,9e-05
2334,2.01905,9e-05
2336,2.01902,9e-05
2338,2.01898,9e-05
2340,2.01895,9e-05
2343,2.01891,9e-05
2345,2.01888,9e-05
2347,2.01884,9e-05
2349,2.01881,9e-05
2351,2.01877,9e-05
2354,2.01873,9e-05
2356,2.0187,9e-05
2358,2.01866,9e-05
2360,2.01863,9e-05
2362,2.01859,9e-05
2365,2.01855,9e-05
2367,2.01852,9e-05
2369,2.01848,9e-05
2371,2.01845,9e-05
2374,2.01841,9e-05
2376,2.01837,9e-05
2378,2.01834,9e-05
2380,2.0183,9e-05
2383,2.01826,9e-05
2385,2.01822,9e-05
2387,2.01819,9e-05
2390,2.01815,9e-05
2392,2.01811,9e-05
2394,2.01807,9e-05
2396,2.01804,9e-05
2399,2.018,9e-05
2401,2.01796,9e-05
2403,2.01792,9e-05
2406,2.01788,0.0001
2408,2.01785,0.0001
2410,2.01781,0.0001
2413,2.01777,0.0001
2415,2.01773,0.0001
2417,2.01769,0.0001
2420,2.01765,0.0001
2422,2.01761,0.0001
2424,2.01757,0.0001
2427,2.01754,0.0001
2429,2.0175,0.0001
2431,2.01746,0.0001
2434,2.01742,0.0001
2436,2.01738,0.0001
2439,2.01734,0.0001
2441,2.0173,0.0001
2443,2.01726,0.0001
2446,2.01722,0.0001
2448,2.01718,0.0001
2450,2.01714,0.0001
2453,2.0171,0.0001
2455,2.01705,0.0001
2458,2.01701,0.0001
2460,2.01697,0.0001
2463,2.01693,0.0001
2465,2.01689,0.0001
2467,2.01685,0.0001
2470,2.01681,0.0001
2472,2.01677,0.0001
2475,2.01672,0.0001
2477,2.01668,0.0001
2480,2.01664,0.0001
2482,2.0166,0.0001
2485,2.01656,0.00011
2487,2.01651,0.00011
2490,2.01647,0.00011
2492,2.01643,0.00011
2495,2.01639,0.00011
2497,2.01634,0.00011
2500,2.0163,0.00011
2502,2.01626,0.00011
2505,2.01621,0.00011
2507,2.01617,0.00011
2510,2.01613,0.00011
2512,2.01608,0.00011
2515,2.01604,0.00011
2517,2.01599,0.00011
2520,2.01595,0.00011
2522,2.01591,0.00011
2525,2.01586,0.00011
2527,2.01582,0.00011
2530,2.01577,0.00011
2532,2.01573,0.00011
2535,2.01568,0.00011
2538,2.01564,0.00011
2540,2.01559,0.00011
2543,2.01555,0.00011
2545,2.0155,0.00011
2548,2.01545,0.00011
2551,2.01541,0.00011
2553,2.01536,0.00011
2556,2.01532,0.00012
2558,2.01527,0.00012
2561,2.01522,0.00012
2564,2.01518,0.00012
2566,2.01513,0.00012
2569,2.01508,0.00012
2572,2.01504,0.00012
2574,2.01499,0.00012
2577,2.01494,0.00012
2579,2.01489,0.00012
2582,2.01485,0.00012
2585,2.0148,0.00012
2587,2.01475,0.00012
2590,2.0147,0.00012
2593,2.01465,0.00012
2596,2.01461,0.00012
2598,2.01456,0.00012
2601,2.01451,0.00012
2604,2.01446,0.00012
2606,2.01441,0.00012
2609,2.01436,0.00012
2612,2.01431,0.00012
2615,2.01426,0.00012
2617,2.01421,0.00012
2620,2.01416,0.00012
2623,2.01411,0.00012
2626,2.01406,0.00013
2628,2.01401,0.00013
2631,2.01396,0.00013
2634,2.01391,0.00013
2637,2.01386,0.00013
2639,2.01381,0.00013
2642,2.01376,0.00013
2645,2.0137,0.00013
2648,2.01365,0.00013
2651,2.0136,0.00013
2653,2.01355,0.00013
2656,2.0135,0.00013
2659,2.01344,0.00013
2662,2.01339,0.00013
2665,2.01334,0.00013
2668,2.01329,0.00013
2670,2.01323,0.00013
2673,2.01318,0.00013
2676,2.01313,0.00013
2679,2.01307,0.00013
2682,2.01302,0.00013
2685,2.01297,0.00013
2688,2.01291,0.00013
2691,2.01286,0.00014
2693,2.0128,0.00014
2696,2.01275,0.00014
2699,2.01269,0.00014
2702,2.01264,0.00014
2705,2.01258,0.00014
2708,2.01253,0.00014
2711,2.01247,0.00014
2714,2.01242,0.00014
2717,2.01236,0.00014
2720,2.0123,0.00014
2723,2.01225,0.00014
2726,2.01219,0.00014
2729,2.01213,0.00014
2732,2.01208,0.00014
2735,2.01202,0.00014
2738,2.01196,0.00014
2741,2.01191,0.00014
2744,2.01185,0.00014
2747,2.01179,0.00014
2750,2.01173,0.00014
2753,2.01167,0.00015
2756,2.01161,0.00015
2759,2.01156,0.00015
2762,2.0115,0.00015
2765,2.01144,0.00015
2768,2.01138,0.00015
2771,2.01132,0.00015
2774,2.01126,0.00015
2777,2.0112,0.00015
2780,2.01114,0.00015
2783,2.01108,0.00015
2787,2.01102,0.00015
2790,2.01096,0.00015
2793,2.0109,0.00015
2796,2.01083,0.00015
2799,2.01077,0.00015
2802,2.01071,0.00015
2805,2.01065,0.00015
2808,2.01059,0.00016
2812,2.01052,0.00016
2815,2.01046,0.00016
2818,2.0104,0.00016
2821,2.01034,0.00016
2824,2.01027,0.00016
2828,2.01021,0.00016
2831,2.01014,0.00016
2834,2.01008,0.00016
2837,2.01002,0.00016
2840,2.00995,0.00016
2844,2.00989,0.00016
2847,2.00982,0.00016
2850,2.00976,0.00016
2853,2.00969,0.00016
2857,2.00963,0.00016
2860,2.00956,0.00016
2863,2.00949,0.00016
2866,2.00943,0.00017
2870,2.00936,0.00017
2873,2.00929,0.00017
2876,2.00923,0.00017
2880,2.00916,0.00017
2883,2.00909,0.00017
2886,2.00902,0.00017
2890,2.00896,0.00017
2893,2.00889,0.00017
2896,2.00882,0.00017
2900,2.00875,0.00017
2903,2.00868,0.00017
2906,2.00861,0.00017
2910,2.00854,0.00017
2913,2.00847,0.00017
2917,2.0084,0.00017
2920,2.00833,0.00018
2923,2.00826,0.00018
2927,2.00819,0.00018
2930,2.00812,0.00018
2934,2.00805,0.00018
2937,2.00798,0.00018
2941,2.0079,0.00018
2944,2.00783,0.00018
2948,2.00776,0.00018
2951,2.00769,0.00018
2955,2.00761,0.00018
2958,2.00754,0.00018
2962,2.00747,0.00018
2965,2.00739,0.00018
2969,2.00732,0.00019
2972,2.00724,0.00019
2976,2.00717,0.00019
2979,2.00709,0.00019
2983,2.00702,0.00019
2986,2.00694,0.00019
2990,2.00687,0.00019
2994,2.00679,0.00019
2997,2.00671,0.00019
3001,2.00664,0.00019
3004,2.00656,0.00019
3008,2.00648,0.00019
3012,2.0064,0.00019
3015,2.00633,0.00019
3019,2.00625,0.0002
3022,2.00617,0.0002
3026,2.00609,0.0002
3030,2.00601,0.0002
3033,2.00593,0.0002
3037,2.00585,0.0002
3041,2.00577,0.0002
3045,2.00569,0.0002
3048,2.00561,0.0002
3052,2.00553,0.0002
3056,2.00545,0.0002
3059,2.00537,0.0002
3063,2.00528,0.0002
3067,2.0052,0.00021
3071,2.00512,0.00021
3075,2.00504,0.00021
3078,2.00495,0.00021
3082,2.00487,0.00021
3086,2.00479,0.00021
3090,2.0047,0.00021
3094,2.00462,0.00021
3097,2.00453,0.00021
3101,2.00445,0.00021
3105,2.00436,0.00021
3109,2.00427,0.00021
3113,2.00419,0.00022
3117,2.0041,0.00022
3121,2.00401,0.00022
3125,2.00393,0.00022
3128,2.00384,0.00022
3132,2.00375,0.00022
3136,2.00366,0.00022
3140,2.00357,0.00022
3144,2.00348,0.00022
3148,2.00339,0.00022
3152,2.0033,0.00022
3156,2.00321,0.00023
3160,2.00312,0.00023
3164,2.00303,0.00023
3168,2.00294,0.00023
3172,2.00285,0.00023
3176,2.00276,0.00023
3180,2.00266,0.00023
3184,2.00257,0.00023
3188,2.00248,0.00023
3192,2.00238,0.00023
3196,2.00229,0.00023
3201,2.0022,0.00024
3205,2.0021,0.00024
3209,2.00201,0.00024
3213,2.00191,0.00024
3217,2.00181,0.00024
3221,2.00172,0.00024
3225,2.00162,0.00024
3229,2.00152,0.00024
3234,2.00142,0.00024
3238,2.00133,0.00024
3242,2.00123,0.00025
3246,2.00113,0.00025
3250,2.00103,0.00025
3255,2.00093,0.00025
3259,2.00083,0.00025
3263,2.00073,0.00025
3267,2.00063,0.00025
3272,2.00053,0.00025
3276,2.00043,0.00025
3280,2.00032,0.00026
3285,2.00022,0.00026
3289,2.00012,0.00026
3293,2.00001,0.00026
3298,1.99991,0.00026
3302,1.9998,0.00026
3306,1.9997,0.00026
3311,1.99959,0.00026
3315,1.99949,0.00026
3320,1.99938,0.00027
3324,1.99927,0.00027
3328,1.99917,0.00027
3333,1.99906,0.00027
3337,1.99895,0.00027
3342,1.99884,0.00027
3346,1.99873,0.00027
3351,1.99862,0.00027
3355,1.99851,0.00027
3360,1.9984,0.00028
3364,1.99829,0.00028
3369,1.99818,0.00028
3373,1.99807,0.00028
3378,1.99796,0.00028
3382,1.99784,0.00028
3387,1.99773,0.00028
3392,1.99762,0.00028
3396,1.9975,0.00029
3401,1.99739,0.00029
3405,1.99727,0.00029
3410,1.99715,0.00029
3415,1.99704,0.00029
3419,1.99692,0.00029
3424,1.9968,0.00029
3429,1.99668,0.0003
3434,1.99657,0.0003
3438,1.99645,0.0003
3443,1.99633,0.0003
3448,1.99621,0.0003
3453,1.99609,0.0003
3457,1.99596,0.0003
3462,1.99584,0.0003
3467,1.99572,0.00031
3472,1.9956,0.00031
3477,1.99547,0.00031
3481,1.99535,0.00031
3486,1.99522,0.00031
3491,1.9951,0.00031
3496,1.99497,0.00031
3501,1.99485,0.00032
3506,1.99472,0.00032
3511,1.99459,0.00032
3516,1.99446,0.00032
3521,1.99433,0.00032
3526,1.9942,0.00032
3531,1.99407,0.00032
3536,1.99394,0.00033
3541,1.99381,0.00033
3546,1.99368,0.00033
3551,1.99355,0.00033
3556,1.99341,0.00033
3561,1.99328,0.00033
3566,1.99315,0.00034
3571,1.99301,0.00034
3576,1.99288,0.00034
3581,1.99274,0.00034
3586,1.9926,0.00034
3591,1.99246,0.00034
3597,1.99233,0.00035
3602,1.99219,0.00035
3607,1.99205,0.00035
3612,1.99191,0.00035
3617,1.99177,0.00035
3623,1.99162,0.00035
3628,1.99148,0.00036
3633,1.99134,0.00036
3639,1.9912,0.00036
3644,1.99105,0.00036
3649,1.99091,0.00036
3654,1.99076,0.00036
3660,1.99061,0.00037
3665,1.99047,0.00037
3671,1.99032,0.00037
3676,1.99017,0.00037
3681,1.99002,0.00037
3687,1.98987,0.00037
3692,1.98972,0.00038
3698,1.98957,0.00038
3703,1.98942,0.00038
3709,1.98926,0.00038
3714,1.98911,0.00038
3720,1.98896,0.00039
3725,1.9888,0.00039
3731,1.98864,0.00039
3736,1.98849,0.00039
3742,1.98833,0.00039
3748,1.98817,0.0004
3753,1.98801,0.0004
3759,1.98785,0.0004
3765,1.98769,0.0004
3770,1.98753,0.0004
3776,1.98737,0.00041
3782,1.9872,0.00041
3787,1.98704,0.00041
3793,1.98687,0.00041
3799,1.98671,0.00041
3805,1.98654,0.00042
3810,1.98637,0.00042
3816,1.98621,0.00042
3822,1.98604,0.00042
3828,1.98587,0.00043
3834,1.9857,0.00043
3840,1.98552,0.00043
3846,1.98535,0.00043
3852,1.98518,0.00043
3858,1.985,0.00044
3863,1.98483,0.00044
3869,1.98465,0.00044
3875,1.98447,0.00044
3881,1.9843,0.00045
3888,1.98412,0.00045
3894,1.98394,0.00045
3900,1.98376,0.00045
3906,1.98357,0.00045
3912,1.98339,0.00046
3918,1.98321,0.00046
3924,1.98302,0.00046
3930,1.98284,0.00046
3937,1.98265,0.00047
3943,1.98246,0.00047
3949,1.98227,0.00047
3955,1.98208,0.00047
3961,1.98189,0.00048
3968,1.9817,0.00048
3974,1.98151,0.00048
3980,1.98131,0.00048
3987,1.98112,0.00049
3993,1.98092,0.00049
4000,1.98073,0.00049
4006,1.98053,0.0005
4012,1.98033,0.0005
4019,1.98013,0.0005
4025,1.97993,0.0005
4032,1.97973,0.00051
4038,1.97952,0.00051
4045,1.97932,0.00051
4051,1.97911,0.00051
4058,1.9789,0.00052
4065,1.9787,0.00052
4071,1.97849,0.00052
4078,1.97828,0.00053
4084,1.97806,0.00053
4091,1.97785,0.00053
4098,1.97764,0.00054
4105,1.97742,0.00054
4111,1.97721,0.00054
4118,1.97699,0.00054
4125,1.97677,0.00055
4132,1.97655,0.00055
4139,1.97633,0.00055
4145,1.97611,0.00056
4152,1.97588,0.00056
4159,1.97566,0.00056
4166,1.97543,0.00057
4173,1.9752,0.00057
4180,1.97497,0.00057
4187,1.97474,0.00058
4194,1.97451,0.00058
4201,1.97428,0.00058
4208,1.97405,0.00059
4215,1.97381,0.00059
4222,1.97357,0.00059
4230,1.97333,0.0006
4237,1.9731,0.0006
4244,1.97285,0.0006
4251,1.97261,0.00061
4258,1.97237,0.00061
4266,1.97212,0.00061
4273,1.97188,0.00062
4280,1.97163,0.00062
4288,1.97138,0.00063
4295,1.97113,0.00063
4302,1.97087,0.00063
4310,1.97062,0.00064
4317,1.97036,0.00064
4325,1.97011,0.00064
4332,1.96985,0.00065
4340,1.96959,0.00065
4347,1.96932,0.00066
4355,1.96906,0.00066
4363,1.9688,0.00066
4370,1.96853,0.00067
4378,1.96826,0.00067
4385,1.96799,0.00068
4393,1.96772,0.00068
4401,1.96745,0.00069
4409,1.96717,0.00069
4416,1.96689,0.00069
4424,1.96662,0.0007
4432,1.96634,0.0007
4440,1.96605,0.00071
4448,1.96577,0.00071
4456,1.96548,0.00072
4464,1.9652,0.00072
4472,1.96491,0.00072
4480,1.96462,0.00073
4488,1.96433,0.00073
4496,1.96403,0.00074
4504,1.96373,0.00074
4512,1.96344,0.00075
4520,1.96314,0.00075
4528,1.96283,0.00076
4537,1.96253,0.00076
4545,1.96222,0.00077
4553,1.96192,0.00077
4562,1.96161,0.00078
4570,1.9613,0.00078
4578,1.96098,0.00079
4587,1.96067,0.00079
4595,1.96035,0.0008
4604,1.96003,0.0008
4612,1.95971,0.00081
4621,1.95938,0.00081
4629,1.95906,0.00082
4638,1.95873,0.00082
4646,1.9584,0.00083
4655,1.95806,0.00084
4664,1.95773,0.00084
4672,1.95739,0.00085
4681,1.95705,0.00085
4690,1.95671,0.00086
4699,1.95637,0.00086
4708,1.95602,0.00087
4716,1.95567,0.00088
4725,1.95532,0.00088
4734,1.95497,0.00089
4743,1.95461,0.00089
4752,1.95425,0.0009
4761,1.95389,0.00091
4770,1.95353,0.00091
4780,1.95316,0.00092
4789,1.9528,0.00092
4798,1.95243,0.00093
4807,1.95205,0.00094
4816,1.95168,0.00094
4826,1.9513,0.00095
4835,1.95092,0.00096
4844,1.95053,0.00096
4854,1.95015,0.00097
4863,1.94976,0.00098
4873,1.94937,0.00099
4882,1.94897,0.00099
4892,1.94858,0.001
4901,1.94818,0.00101
4911,1.94777,0.00101
4921,1.94737,0.00102
4930,1.94696,0.00103
4940,1.94655,0.00104
4950,1.94613,0.00104
4960,1.94571,0.00105
4970,1.94529,0.00106
4980,1.94487,0.00107
4990,1.94444,0.00107
5000,1.94401,0.00108
5010,1.94358,0.00109
5020,1.94314,0.0011
5030,1.94271,0.00111
5040,1.94226,0.00111
5050,1.94182,0.00112
5060,1.94137,0.00113
5070,1.94091,0.00114
5081,1.94046,0.00115
5091,1.94,0.00116
5102,1.93954,0.00117
5112,1.93907,0.00118
5122,1.9386,0.00118
5133,1.93813,0.00119
5144,1.93765,0.0012
5154,1.93717,0.00121
5165,1.93669,0.00122
5175,1.9362,0.00123
5186,1.93571,0.00124
5197,1.93521,0.00125
5208,1.93471,0.00126
5219,1.93421,0.00127
5230,1.9337,0.00128
5241,1.93319,0.00129
5252,1.93267,0.0013
5263,1.93215,0.00131
5274,1.93163,0.00132
5285,1.9311,0.00133
5296,1.93057,0.00134
5307,1.93004,0.00135
5319,1.9295,0.00136
5330,1.92895,0.00138
5341,1.9284,0.00139
5353,1.92785,0.0014
5364,1.92729,0.00141
5376,1.92673,0.00142
5387,1.92616,0.00143
5399,1.92559,0.00145
5411,1.92501,0.00146
5422,1.92443,0.00147
5434,1.92385,0.00148
5446,1.92326,0.00149
5458,1.92266,0.00151
5470,1.92206,0.00152
5482,1.92146,0.00153
5494,1.92085,0.00155
5506,1.92023,0.00156
5518,1.91961,0.00157
5530,1.91898,0.00159
5543,1.91835,0.0016
5555,1.91771,0.00161
5567,1.91707,0.00163
5580,1.91642,0.00164
5592,1.91577,0.00166
5605,1.91511,0.00167
5617,1.91445,0.00169
5630,1.91378,0.0017
5643,1.9131,0.00172
5656,1.91242,0.00173
5668,1.91173,0.00175
5681,1.91103,0.00176
5694,1.91033,0.00178
5707,1.90962,0.0018
5720,1.90891,0.00181
5733,1.90819,0.00183
5747,1.90747,0.00185
5760,1.90673,0.00186
5773,1.90599,0.00188
5787,1.90525,0.0019
5800,1.90449,0.00192
5813,1.90373,0.00193
5827,1.90297,0.00195
5841,1.90219,0.00197
5854,1.90141,0.00199
5868,1.90062,0.00201
5882,1.89983,0.00203
5896,1.89902,0.00205
5910,1.89821,0.00207
5924,1.89739,0.00209
5938,1.89656,0.00211
5952,1.89573,0.00213
5966,1.89489,0.00215
5980,1.89404,0.00217
5995,1.89318,0.00219
6009,1.89231,0.00221
6024,1.89143,0.00224
6038,1.89055,0.00226
6053,1.88966,0.00228
6067,1.88876,0.0023
6082,1.88784,0.00233
6097,1.88692,0.00235
6112,1.886,0.00238
6127,1.88506,0.0024
6142,1.88411,0.00243
6157,1.88315,0.00245
6172,1.88218,0.00248
6188,1.88121,0.0025
6203,1.88022,0.00253
6218,1.87922,0.00256
6234,1.87821,0.00258
6250,1.8772,0.00261
6265,1.87617,0.00264
6281,1.87513,0.00267
6297,1.87408,0.0027
6313,1.87302,0.00273
6329,1.87194,0.00276
6345,1.87086,0.00279
6361,1.86976,0.00282
6377,1.86865,0.00285
6393,1.86753,0.00288
6410,1.8664,0.00292
6426,1.86526,0.00295
6443,1.8641,0.00298
6459,1.86293,0.00302
6476,1.86175,0.00305
6493,1.86055,0.00309
6510,1.85934,0.00312
6527,1.85812,0.00316
6544,1.85688,0.0032
6561,1.85563,0.00324
6578,1.85436,0.00327
6596,1.85308,0.00331
6613,1.85179,0.00335
6631,1.85048,0.00339
6648,1.84915,0.00344
6666,1.84781,0.00348
6684,1.84645,0.00352
6702,1.84508,0.00356
6720,1.84369,0.00361
6738,1.84228,0.00365
6756,1.84086,0.0037
6775,1.83942,0.00375
6793,1.83796,0.0038
6811,1.83649,0.00384
6830,1.83499,0.00389
6849,1.83348,0.00395
6868,1.83195,0.004
6887,1.8304,0.00405
6906,1.82883,0.0041
6925,1.82724,0.00416
6944,1.82563,0.00422
6963,1.824,0.00427
6983,1.82234,0.00433
7002,1.82067,0.00439
7022,1.81897,0.00445
7042,1.81726,0.00451
7062,1.81552,0.00458
7082,1.81375,0.00464
7102,1.81196,0.00471
7122,1.81015,0.00477
7142,1.80832,0.00484
7163,1.80645,0.00491
7183,1.80457,0.00499
7204,1.80266,0.00506
7225,1.80072,0.00514
7246,1.79875,0.00521
7267,1.79675,0.00529
7288,1.79473,0.00537
7309,1.79268,0.00545
7331,1.7906,0.00554
7352,1.78849,0.00563
7374,1.78634,0.00571
7396,1.78417,0.0058
7418,1.78197,0.0059
7440,1.77973,0.00599
7462,1.77745,0.00609
7485,1.77515,0.00619
7507,1.7728,0.00629
7530,1.77043,0.0064
7552,1.76801,0.0065
7575,1.76556,0.00661
7598,1.76307,0.00673
7621,1.76054,0.00684
7645,1.75797,0.00696
7668,1.75536,0.00709
7692,1.7527,0.00721
7716,1.75,0.00734
7739,1.74726,0.00748
7763,1.74447,0.00761
7788,1.74164,0.00775
7812,1.73876,0.0079
7836,1.73583,0.00805
7861,1.73284,0.0082
7886,1.72981,0.00836
7911,1.72673,0.00852
7936,1.72358,0.00869
7961,1.72039,0.00886
7987,1.71713,0.00904
8012,1.71382,0.00922
8038,1.71045,0.00941
8064,1.70701,0.00961
8090,1.70351,0.00981
8116,1.69995,0.01002
8143,1.69631,0.01024
8169,1.69261,0.01046
8196,1.68884,0.01069
8223,1.68499,0.01093
8250,1.68106,0.01118
8278,1.67706,0.01144
8305,1.67298,0.01171
8333,1.66881,0.01198
8361,1.66455,0.01227
8389,1.66021,0.01257
8417,1.65578,0.01288
8445,1.65125,0.0132
8474,1.64662,0.01354
8503,1.6419,0.01389
8532,1.63706,0.01425
8561,1.63212,0.01463
8591,1.62707,0.01503
8620,1.62191,0.01544
8650,1.61662,0.01587
8680,1.61121,0.01632
8710,1.60567,0.01679
8741,1.59999,0.01728
8771,1.59418,0.0178
8802,1.58823,0.01834
8833,1.58212,0.01891
8865,1.57586,0.01951
8896,1.56944,0.02013
8928,1.56285,0.02079
8960,1.55608,0.02149
8992,1.54913,0.02222
9025,1.54199,0.023
9057,1.53466,0.02382
9090,1.52712,0.02468
9124,1.51936,0.0256
9157,1.51137,0.02657
9191,1.50315,0.02761
9225,1.49468,0.02871
9259,1.48596,0.02987
9293,1.47696,0.03112
9328,1.46768,0.03245
9363,1.45811,0.03387
9398,1.44822,0.0354
9433,1.438,0.03703
9469,1.42744,0.03878
9505,1.41651,0.04067
9541,1.4052,0.0427
9578,1.39349,0.0449
9615,1.38136,0.04727
9652,1.36879,0.04984
9689,1.35574,0.05263
9727,1.3422,0.05567
9765,1.32814,0.05898
9803,1.31353,0.06259
9842,1.29834,0.06655
9881,1.28254,0.07088
9920,1.2661,0.07564
9960,1.24899,0.08089
10000,1.23117,0.08668
10040,1.21261,0.09308
10080,1.19329,0.10017
10121,1.17317,0.10805
10162,1.15223,0.11681
10204,1.13045,0.12658
10245,1.10782,0.13749
10288,1.08435,0.1497
10330,1.06005,0.16336
10373,1.03499,0.17868
10416,1.00922,0.19585
10460,0.98287,0.21511
10504,0.95611,0.23667
10548,0.92917,0.26076
10593,0.90236,0.28758
10638,0.87604,0.31728
10683,0.85067,0.34993
10729,0.82671,0.38551
10775,0.80467,0.42383
10822,0.78498,0.46461
10869,0.76798,0.50742
10917,0.75389,0.5518
10964,0.74276,0.59725
11013,0.73454,0.64333
11061,0.72908,0.68967
11111,0.72617,0.736
11160,0.7256,0.78213
11210,0.72717,0.82792
11261,0.73068,0.87332
11312,0.73599,0.91828
11363,0.74298,0.96278
11415,0.75154,1.00683
11467,0.76158,1.0504
11520,0.77303,1.09351
11574,0.78583,1.13614
11627,0.7999,1.17832
11682,0.81518,1.22006
11737,0.83162,1.26139
11792,0.8492,1.30238
11848,0.8679,1.34309
11904,0.88774,1.38357
11961,0.90879,1.42389
12019,0.93114,1.46408
12077,0.9549,1.50416
12135,0.98023,1.54407
12195,1.00724,1.58372
12254,1.03606,1.62298
12315,1.06677,1.66165
12376,1.09939,1.69952
12437,1.13389,1.73637
12500,1.17019,1.772
12562,1.20815,1.80623
12626,1.24761,1.83891
12690,1.28836,1.86995
12755,1.33021,1.89931
12820,1.37296,1.92701
12886,1.41643,1.9531
12953,1.46046,1.97768
13020,1.50496,2.00091
13089,1.54987,2.02297
13157,1.59524,2.04403
13227,1.64118,2.06426
13297,1.68788,2.08377
13368,1.73559,2.10258
13440,1.7846,2.12061
13513,1.83517,2.13766
13586,1.8875,2.15339
13661,1.9417,2.16738
13736,1.99769,2.17916
13812,2.05527,2.18826
13888,2.11403,2.1943
13966,2.17347,2.19702
14044,2.23302,2.19635
14124,2.29211,2.19244
14204,2.35028,2.18559
14285,2.40723,2.17626
