211,2.52782,0.159962
212,2.51768,0.150938
214,2.5077,0.142345
216,2.49788,0.134161
217,2.48823,0.126366
219,2.47874,0.118942
220,2.46941,0.11187
222,2.46025,0.105135
224,2.45124,0.0987212
225,2.44239,0.0926139
227,2.4337,0.0867992
228,2.42517,0.0812643
230,2.41679,0.0759968
231,2.40856,0.0709853
233,2.40047,0.0662188
235,2.39254,0.0616872
236,2.38475,0.0573806
238,2.37711,0.05329
239,2.3696,0.0494066
241,2.36223,0.0457222
243,2.35501,0.042229
244,2.34791,0.0389197
246,2.34095,0.0357874
247,2.33412,0.0328252
249,2.32742,0.030027
250,2.32085,0.0273867
252,2.3144,0.0248991
254,2.30808,0.0225581
255,2.30188,0.0203592
257,2.2958,0.0182973
258,2.28984,0.0163677
260,2.284,0.0145661
262,2.27828,0.012888
263,2.27267,0.0113298
265,2.26718,0.0098874
266,2.2618,0.00855734
268,2.25654,0.0073358
269,2.25138,0.00621973
271,2.24634,0.00520602
273,2.24141,0.00429126
274,2.2366,0.00347269
276,2.23189,0.00274744
277,2.2273,0.0021131
279,2.22282,0.0015667
281,2.21845,0.00110595
282,2.2142,0.000728479
284,2.21007,0.000431887
285,2.20606,0.000214183
287,2.20217,7.28827e-05
288,2.19842,6.14076e-06
290,2.19484,0.0
292,2.19141,0.0
293,2.18811,0.0
295,2.18492,0.0
296,2.18183,0.0
298,2.17883,0.0
300,2.17592,0.0
301,2.17309,0.0
303,2.17034,0.0
304,2.16766,0.0
306,2.16506,0.0
308,2.16252,0.0
309,2.16004,0.0
311,2.15763,0.0
312,2.15527,0.0
314,2.15297,0.0
315,2.15073,0.0
317,2.14853,0.0
319,2.14639,0.0
320,2.14429,0.0
322,2.14224,0.0
323,2.14024,0.0
325,2.13828,0.0
327,2.13636,0.0
328,2.13448,0.0
330,2.13264,0.0
331,2.13083,0.0
333,2.12907,0.0
334,2.12734,0.0
336,2.12564,0.0
338,2.12398,0.0
339,2.12235,0.0
341,2.12075,0.0
342,2.11918,0.0
344,2.11764,0.0
346,2.11614,0.0
347,2.11465,0.0
349,2.1132,0.0
350,2.11177,0.0
352,2.11037,0.0
354,2.109,0.0
355,2.10764,0.0
357,2.10632,0.0
358,2.10501,0.0
360,2.10373,0.0
361,2.10247,0.0
363,2.10123,0.0
365,2.10001,0.0
366,2.09882,0.0
368,2.09764,0.0
369,2.09648,0.0
371,2.09534,0.0
373,2.09422,0.0
374,2.09312,0.0
376,2.09204,0.0
377,2.09097,0.0
379,2.08992,0.0
381,2.08889,0.0
382,2.08787,0.0
384,2.08687,0.0
385,2.08589,0.0
387,2.08492,0.0
388,2.08396,0.0
390,2.08302,0.0
392,2.08209,0.0
393,2.08118,0.0
395,2.08028,0.0
396,2.07939,0.0
398,2.07852,0.0
400,2.07766,0.0
401,2.07681,0.0
403,2.07598,0.0
404,2.07515,0.0
406,2.07434,0.0
408,2.07354,0.0
409,2.07275,0.0
411,2.07197,0.0
412,2.07121,0.0
414,2.07045,0.0
416,2.0697,0.0
417,2.06897,0.0
419,2.06824,0.0
420,2.06753,0.0
422,2.06682,0.0
423,2.06612,0.0
425,2.06544,0.0
427,2.06476,0.0
428,2.06409,0.0
430,2.06343,0.0
431,2.06277,0.0
433,2.06213,0.0
435,2.0615,0.0
436,2.06087,0.0
438,2.06025,0.0
439,2.05964,0.0
441,2.05903,0.0
443,2.05844,0.0
444,2.05785,0.0
446,2.05727,0.0
447,2.05669,0.0
449,2.05613,0.0
450,2.05557,0.0
452,2.05501,0.0
454,2.05447,0.0
455,2.05393,0.0
457,2.0534,0.0
458,2.05287,0.0
460,2.05235,0.0
462,2.05183,0.0
463,2.05133,0.0
465,2.05082,0.0
466,2.05033,0.0
468,2.04984,0.0
470,2.04935,0.0
471,2.04887,0.0
473,2.0484,0.0
474,2.04793,0.0
476,2.04747,0.0
478,2.04701,0.0
479,2.04656,0.0
481,2.04611,0.0
482,2.04567,0.0
484,2.04523,0.0
485,2.0448,0.0
487,2.04437,0.0
489,2.04395,0.0
490,2.04353,0.0
492,2.04312,0.0
493,2.04271,0.0
495,2.0423,0.0
497,2.0419,0.0
498,2.04151,0.0
500,2.04111,0.0
501,2.04073,0.0
503,2.04034,0.0
505,2.03996,0.0
506,2.03959,0.0
508,2.03922,0.0
509,2.03885,0.0
511,2.03849,0.0
512,2.03813,0.0
514,2.03777,0.0
516,2.03742,0.0
517,2.03707,0.0
519,2.03672,0.0
520,2.03638,0.0
522,2.03604,0.0
524,2.03571,0.0
525,2.03538,0.0
527,2.03505,0.0
528,2.03472,0.0
530,2.0344,0.0
532,2.03408,0.0
533,2.03377,0.0
535,2.03346,0.0
536,2.03315,0.0
538,2.03284,0.0
540,2.03254,0.0
541,2.03224,0.0
543,2.03194,0.0
544,2.03165,0.0
546,2.03135,0.0
547,2.03106,0.0
549,2.03078,0.0
551,2.0305,0.0
552,2.03022,0.0
554,2.02994,0.0
555,2.02966,0.0
557,2.02939,0.0
559,2.02912,0.0
560,2.02885,0.0
562,2.02859,0.0
563,2.02832,0.0
565,2.02806,0.0
567,2.02781,0.0
568,2.02755,0.0
570,2.0273,0.0
571,2.02705,0.0
573,2.0268,0.0
574,2.02655,0.0
576,2.02631,0.0
578,2.02607,0.0
579,2.02583,0.0
581,2.02559,0.0
582,2.02535,0.0
584,2.02512,0.0
586,2.02489,0.0
587,2.02466,0.0
589,2.02443,0.0
590,2.02421,0.0
592,2.02398,0.0
594,2.02376,0.0
595,2.02354,0.0
597,2.02332,0.0
598,2.02311,0.0
600,2.02289,0.0
601,2.02268,0.0
603,2.02247,0.0
605,2.02226,0.0
606,2.02206,0.0
608,2.02185,0.0
609,2.02165,0.0
611,2.02145,0.0
613,2.02125,0.0
614,2.02105,0.0
616,2.02086,0.0
617,2.02066,0.0
619,2.02047,0.0
621,2.02028,0.0
622,2.02009,0.0
624,2.0199,0.0
625,2.01971,0.0
627,2.01953,0.0
628,2.01934,0.0
630,2.01916,0.0
632,2.01898,0.0
633,2.0188,0.0
635,2.01862,0.0
636,2.01844,0.0
638,2.01827,0.0
640,2.0181,0.0
641,2.01792,0.0
643,2.01775,0.0
644,2.01758,0.0
646,2.01742,0.0
648,2.01725,0.0
649,2.01708,0.0
651,2.01692,0.0
652,2.01676,0.0
654,2.01659,0.0
655,2.01643,0.0
657,2.01627,0.0
659,2.01612,0.0
660,2.01596,0.0
662,2.0158,0.0
663,2.01565,0.0
665,2.0155,0.0
667,2.01534,0.0
668,2.01519,0.0
670,2.01504,0.0
671,2.0149,0.0
673,2.01475,0.0
675,2.0146,0.0
676,2.01446,0.0
678,2.01431,0.0
679,2.01417,0.0
681,2.01403,0.0
682,2.01389,0.0
684,2.01375,0.0
686,2.01361,0.0
687,2.01347,0.0
689,2.01333,0.0
690,2.0132,0.0
692,2.01306,0.0
694,2.01293,0.0
695,2.0128,0.0
697,2.01266,0.0
698,2.01253,0.0
700,2.0124,0.0
701,2.01227,0.0
703,2.01215,0.0
705,2.01202,0.0
706,2.01189,0.0
708,2.01177,0.0
709,2.01164,0.0
711,2.01152,0.0
713,2.0114,0.0
714,2.01127,0.0
716,2.01115,0.0
717,2.01103,0.0
719,2.01091,0.0
720,2.0108,0.0
722,2.01068,0.0
724,2.01056,0.0
725,2.01044,0.0
727,2.01033,0.0
728,2.01022,0.0
730,2.0101,0.0
732,2.00999,0.0
733,2.00988,0.0
735,2.00977,0.0
736,2.00965,0.0
738,2.00955,0.0
739,2.00944,0.0
741,2.00933,0.0
743,2.00922,0.0
744,2.00911,0.0
746,2.00901,0.0
747,2.0089,0.0
749,2.0088,0.0
751,2.00869,0.0
752,2.00859,0.0
754,2.00849,0.0
755,2.00839,0.0
757,2.00828,0.0
758,2.00818,0.0
760,2.00808,0.0
762,2.00798,0.0
763,2.00789,0.0
765,2.00779,0.0
766,2.00769,0.0
768,2.00759,0.0
770,2.0075,0.0
771,2.0074,0.0
773,2.00731,0.0
774,2.00721,0.0
776,2.00712,0.0
777,2.00703,0.0
779,2.00693,0.0
781,2.00684,0.0
782,2.00675,0.0
784,2.00666,0.0
785,2.00657,0.0
787,2.00648,0.0
789,2.00639,0.0
790,2.0063,0.0
792,2.00622,0.0
793,2.00613,0.0
795,2.00604,0.0
796,2.00596,0.0
798,2.00587,0.0
800,2.00578,0.0
801,2.0057,0.0
803,2.00562,0.0
804,2.00553,0.0
806,2.00545,0.0
807,2.00537,0.0
809,2.00529,0.0
811,2.0052,0.0
812,2.00512,0.0
814,2.00504,0.0
815,2.00496,0.0
817,2.00488,0.0
819,2.0048,0.0
820,2.00473,0.0
822,2.00465,0.0
823,2.00457,0.0
825,2.00449,0.0
826,2.00442,0.0
828,2.00434,0.0
830,2.00426,0.0
831,2.00419,0.0
833,2.00411,0.0
834,2.00404,0.0
836,2.00397,0.0
837,2.00389,0.0
839,2.00382,0.0
841,2.00375,0.0
842,2.00367,0.0
844,2.0036,0.0
845,2.00353,0.0
847,2.00346,0.0
848,2.00339,0.0
850,2.00332,0.0
852,2.00325,0.0
853,2.00318,0.0
855,2.00311,0.0
856,2.00304,0.0
858,2.00298,0.0
860,2.00291,0.0
861,2.00284,0.0
863,2.00277,0.0
864,2.00271,0.0
866,2.00264,0.0
867,2.00258,0.0
869,2.00251,0.0
871,2.00244,0.0
872,2.00238,0.0
874,2.00232,0.0
875,2.00225,0.0
877,2.00219,0.0
878,2.00213,0.0
880,2.00206,0.0
882,2.002,0.0
883,2.00194,0.0
885,2.00188,0.0
886,2.00181,0.0
888,2.00175,0.0
889,2.00169,0.0
891,2.00163,0.0
893,2.00157,0.0
894,2.00151,0.0
896,2.00145,0.0
897,2.00139,0.0
899,2.00134,0.0
900,2.00128,0.0
902,2.00122,0.0
904,2.00116,0.0
905,2.0011,0.0
907,2.00105,0.0
908,2.00099,0.0
910,2.00093,0.0
911,2.00088,0.0
913,2.00082,0.0
915,2.00076,0.0
916,2.00071,0.0
918,2.00065,0.0
919,2.0006,0.0
921,2.00055,0.0
922,2.00049,0.0
924,2.00044,0.0
926,2.00038,0.0
927,2.00033,0.0
929,2.00028,0.0
930,2.00022,0.0
932,2.00017,0.0
933,2.00012,0.0
935,2.00007,0.0
937,2.00002,0.0
938,1.99996,0.0
940,1.99991,0.0
941,1.99986,0.0
943,1.99981,0.0
944,1.99976,0.0
946,1.99971,0.0
947,1.99966,0.0
949,1.99961,0.0
951,1.99956,0.0
952,1.99951,0.0
954,1.99947,0.0
955,1.99942,0.0
957,1.99937,0.0
958,1.99932,0.0
960,1.99927,0.0
962,1.99923,0.0
963,1.99918,0.0
965,1.99913,0.0
966,1.99908,0.0
968,1.99904,0.0
969,1.99899,0.0
971,1.99895,0.0
973,1.9989,0.0
974,1.99885,0.0
976,1.99881,0.0
977,1.99876,0.0
979,1.99872,0.0
980,1.99867,0.0
982,1.99863,0.0
983,1.99859,0.0
985,1.99854,0.0
987,1.9985,0.0
988,1.99845,0.0
990,1.99841,0.0
991,1.99837,0.0
993,1.99832,0.0
994,1.99828,0.0
996,1.99824,0.0
998,1.9982,0.0
999,1.99816,0.0
1010,1.99786,0.0
1014,1.99778,0.0
1017,1.99769,0.0
1020,1.9976,0.0
1024,1.99752,0.0
1027,1.99743,0.0
1030,1.99735,0.0
1034,1.99727,0.0
1037,1.99719,0.0
1041,1.9971,0.0
1044,1.99702,0.0
1047,1.99694,0.0
1051,1.99687,0.0
1054,1.99679,0.0
1058,1.99671,0.0
1061,1.99663,0.0
1064,1.99656,0.0
1068,1.99648,0.0
1071,1.99641,0.0
1075,1.99634,0.0
1078,1.99626,0.0
1082,1.99619,0.0
1085,1.99612,0.0
1088,1.99605,0.0
1092,1.99598,0.0
1095,1.99591,0.0
1099,1.99584,0.0
1102,1.99577,0.0
1105,1.99571,0.0
1109,1.99564,0.0
1112,1.99557,0.0
1116,1.99551,0.0
1119,1.99544,0.0
1122,1.99538,0.0
1126,1.99531,0.0
1129,1.99525,0.0
1133,1.99519,0.0
1136,1.99512,0.0
1139,1.99506,0.0
1143,1.995,0.0
1146,1.99494,0.0
1150,1.99488,0.0
1153,1.99482,0.0
1157,1.99476,0.0
1160,1.99471,0.0
1163,1.99465,0.0
1167,1.99459,0.0
1170,1.99453,0.0
1174,1.99448,0.0
1177,1.99442,0.0
1180,1.99437,0.0
1184,1.99431,0.0
1187,1.99426,0.0
1191,1.9942,0.0
1194,1.99415,0.0
1198,1.9941,0.0
1201,1.99404,0.0
1204,1.99399,0.0
1208,1.99394,0.0
1211,1.99389,0.0
1215,1.99384,0.0
1218,1.99379,0.0
1221,1.99374,0.0
1225,1.99369,0.0
1228,1.99364,0.0
1232,1.99359,0.0
1235,1.99354,0.0
1239,1.99349,0.0
1242,1.99345,0.0
1245,1.9934,0.0
1249,1.99335,0.0
1252,1.99331,0.0
1256,1.99326,0.0
1259,1.99322,0.0
1263,1.99317,0.0
1266,1.99313,0.0
1269,1.99308,0.0
1273,1.99304,0.0
1276,1.99299,0.0
1280,1.99295,0.0
1283,1.99291,0.0
1287,1.99286,0.0
1290,1.99282,0.0
1293,1.99278,0.0
1297,1.99274,0.0
1300,1.9927,0.0
1304,1.99266,0.0
1307,1.99261,0.0
1311,1.99257,0.0
1314,1.99253,0.0
1318,1.99249,0.0
1321,1.99245,0.0
1324,1.99242,0.0
1328,1.99238,0.0
1331,1.99234,0.0
1335,1.9923,0.0
1338,1.99226,0.0
1342,1.99222,0.0
1345,1.99219,0.0
1348,1.99215,0.0
1352,1.99211,0.0
1355,1.99208,0.0
1359,1.99204,0.0
1362,1.992,0.0
1366,1.99197,0.0
1369,1.99193,0.0
1373,1.9919,0.0
1376,1.99186,0.0
1379,1.99183,0.0
1383,1.99179,0.0
1386,1.99176,0.0
1390,1.99173,0.0
1393,1.99169,0.0
1397,1.99166,0.0
1400,1.99163,0.0
1404,1.99159,0.0
1407,1.99156,0.0
1410,1.99153,0.0
1414,1.9915,0.0
1417,1.99146,0.0
1421,1.99143,0.0
1424,1.9914,0.0
1428,1.99137,0.0
1431,1.99134,0.0
1435,1.99131,0.0
1438,1.99128,0.0
1441,1.99125,0.0
1445,1.99122,0.0
1448,1.99119,0.0
1452,1.99116,0.0
1455,1.99113,0.0
1459,1.9911,0.0
1462,1.99107,0.0
1466,1.99104,0.0
1469,1.99101,0.0
1473,1.99098,0.0
1476,1.99095,0.0
1479,1.99093,0.0
1483,1.9909,0.0
1486,1.99087,0.0
1490,1.99084,0.0
1493,1.99082,0.0
1497,1.99079,0.0
1500,1.99076,0.0
1504,1.99073,0.0
1507,1.99071,0.0
1511,1.99068,0.0
1514,1.99066,0.0
1518,1.99063,0.0
1521,1.9906,0.0
1524,1.99058,0.0
1528,1.99055,0.0
1531,1.99053,0.0
1535,1.9905,0.0
1538,1.99048,0.0
1542,1.99045,0.0
1545,1.99043,0.0
1549,1.9904,0.0
1552,1.99038,0.0
1556,1.99035,0.0
1559,1.99033,0.0
1563,1.99031,0.0
1566,1.99028,0.0
1569,1.99026,0.0
1573,1.99024,0.0
1576,1.99021,0.0
1580,1.99019,0.0
1583,1.99017,0.0
1587,1.99014,0.0
1590,1.99012,0.0
1594,1.9901,0.0
1597,1.99008,0.0
1601,1.99005,0.0
1604,1.99003,0.0
1608,1.99001,0.0
1611,1.98999,0.0
1615,1.98997,0.0
1618,1.98994,0.0
1622,1.98992,0.0
1625,1.9899,0.0
1629,1.98988,0.0
1632,1.98986,0.0
1635,1.98984,0.0
1639,1.98982,0.0
1642,1.9898,0.0
1646,1.98978,0.0
1649,1.98976,0.0
1653,1.98974,0.0
1656,1.98972,0.0
1660,1.9897,0.0
1663,1.98968,0.0
1667,1.98966,0.0
1670,1.98964,0.0
1674,1.98962,0.0
1677,1.9896,0.0
1681,1.98958,0.0
1684,1.98956,0.0
1688,1.98954,0.0
